id	title	description	category	inventoryHeight	inventoryWidth	image	customProperties	assetFilename
eeb329d7-092e-4f4f-8355-b92ff3aa1ebf	Basic Attack	Free basic attack card. Can be played once per turn.	combat_card	1	1		{"apCost":"0","playLimitPerTurn":"1","isCard":"true","isBasicAttack":"true","aiTag":""}	
ae6377a3-dc19-4887-99e2-7e7e1792da09	End Turn	Ends active combatant turn and advances turn flow.	combat_core	1	1		{"apCost":"0","playLimitPerTurn":"1","isCard":"false","isBasicAttack":"false","aiTag":""}	
28bd02ea-85bf-4f90-953c-de961dee837c	Select Forged Heritage	Choose one heritage branch and apply linked profile and lore tag.	character_creation	1	1		{"apCost":"0","playLimitPerTurn":"1","isCard":"false","isBasicAttack":"false","aiTag":""}	
9f172bd9-2fdd-4755-8b9b-a5fa9ab65121	Select Integrated Resistance	Choose bludgeoning, slashing, or piercing resistance source from chassis configuration.	character_creation	1	1		{"apCost":"0","playLimitPerTurn":"1","isCard":"false","isBasicAttack":"false","aiTag":""}	
c0e32ddc-b670-4fc4-a1bc-132b77466d03	Select Augmentation Slot 1	Choose one augmentation at level 1.	character_creation	1	1		{"apCost":"0","playLimitPerTurn":"1","isCard":"false","isBasicAttack":"false","aiTag":""}	
f53ec360-77fc-4bdb-920b-c2a252d6fec9	Select Augmentation Slot 2	At level 5, choose a second augmentation from list.	level_up	1	1		{"apCost":"0","playLimitPerTurn":"1","isCard":"false","isBasicAttack":"false","aiTag":""}	
92802c20-2bc4-4599-9171-2c053b522722	Replace Augmentation	At level 10, replace one prior augmentation with another list option.	level_up	1	1		{"apCost":"0","playLimitPerTurn":"1","isCard":"false","isBasicAttack":"false","aiTag":""}	
cdf5bde2-c431-4e16-b3a3-bf48baf88e04	Maintenance Check	On long rest, verify maintenance tools or assistance; otherwise apply degradation effect.	rest	1	1		{"apCost":"0","playLimitPerTurn":"1","isCard":"false","isBasicAttack":"false","aiTag":""}	
852e6abc-8741-4da0-b4b1-cc8bc2b9b4b9	Forged Resilience Trigger	When reduced to 0 HP but not killed outright, drop to 1 HP if not used this rest.	reaction	1	1		{"apCost":"0","playLimitPerTurn":"1","isCard":"false","isBasicAttack":"false","aiTag":""}	
feb43f1d-a024-4683-b747-b00c6b65711d	Vox Mimic Voice	Social utility card; perfectly mimic a voice heard for at least one minute.	utility_card	1	1		{"apCost":"1","playLimitPerTurn":"1","isCard":"true","isBasicAttack":"false","aiTag":""}	
9e16307a-9620-4dbd-a59c-0675c66d9631	Neural Accelerator Ready	Card version of Neural Accelerator utility.	combat_card	1	1		{"apCost":"1","playLimitPerTurn":"1","isCard":"true","isBasicAttack":"false","aiTag":""}	
ed02d97b-ad75-4137-9b95-33291673841e	Select Vein Oath	Choose core oath anchor.	character_creation	1	1		{"apCost":"0","playLimitPerTurn":"1","isCard":"false","isBasicAttack":"false","aiTag":""}	
aac5ca8f-0792-4cc1-9586-449965a99c32	Apply Resonance Fracture	Apply disadvantage state until atonement and meditation are completed.	state_change	1	1		{"apCost":"0","playLimitPerTurn":"1","isCard":"false","isBasicAttack":"false","aiTag":""}	
d74b2246-5dea-49e6-bc0f-13de91f6ea15	Between Stance	Attack action rider: avoid opportunity attacks and impose disadvantage on first attack against you.	combat_bonus_action	1	1		{"apCost":"0","playLimitPerTurn":"1","isCard":"false","isBasicAttack":"false","aiTag":""}	
5f0ea4f6-fe0e-4594-88d0-2ac2fd5b49a8	Iron Breath	Suppress enhancement signature for one minute; once per short rest.	utility_bonus_action	1	1		{"apCost":"0","playLimitPerTurn":"1","isCard":"false","isBasicAttack":"false","aiTag":""}	
1afe19c0-3bd0-4a76-adff-46fdfdb2544d	Resonant Strike	Once per turn, add Wisdom modifier to qualified melee hit damage.	passive_combat	1	1		{"apCost":"0","playLimitPerTurn":"1","isCard":"false","isBasicAttack":"false","aiTag":""}	
da27d3eb-feb8-40bc-8d1d-9d839ea319f6	Stillness Kata	If you do not move, gain attack advantage this turn.	combat	1	1		{"apCost":"0","playLimitPerTurn":"1","isCard":"false","isBasicAttack":"false","aiTag":""}	
e1463a23-efd5-48be-88d8-d08ad8cb2c26	Burden Strike	Impose disadvantage on attack against nearby ally.	reaction	1	1		{"apCost":"0","playLimitPerTurn":"1","isCard":"false","isBasicAttack":"false","aiTag":""}	
972ce02a-8eaa-4a89-af6c-1b9a1a713a03	Iron Witness	Gain temporary HP when nearby creature drops to 0 HP.	passive_combat	1	1		{"apCost":"0","playLimitPerTurn":"1","isCard":"false","isBasicAttack":"false","aiTag":""}	
8aa6ede7-559d-4047-a223-83e4a73e593d	Enhancement Integration	Integrated weapons count magical and detect enhancement tampering.	passive	1	1		{"apCost":"0","playLimitPerTurn":"1","isCard":"false","isBasicAttack":"false","aiTag":""}	
d81977c7-85c8-4bc7-82e0-a012bd6d1c92	Between Awareness	Cannot be surprised while conscious; advantage on initiative.	passive	1	1		{"apCost":"0","playLimitPerTurn":"1","isCard":"false","isBasicAttack":"false","aiTag":""}	
328881a9-ec90-4809-9a68-041444cd0a70	Iron Endurance	Choose physical resistance and once per long rest drop-to-1 effect.	passive_reaction	1	1		{"apCost":"0","playLimitPerTurn":"1","isCard":"false","isBasicAttack":"false","aiTag":""}	
f839c2b6-4530-4444-95fd-7fff78109c87	Code-Sworn Precision	Once per turn, treat low attack roll as 10.	passive	1	1		{"apCost":"0","playLimitPerTurn":"1","isCard":"false","isBasicAttack":"false","aiTag":""}	
92654362-1954-43f0-94be-14db19daa9db	Resonant Surge	Power state with speed and damage bonuses.	combat_bonus_action	1	1		{"apCost":"0","playLimitPerTurn":"1","isCard":"false","isBasicAttack":"false","aiTag":""}	
cb057e32-146d-486f-bdd2-e4b8857fea7e	Steel Resolve	Immune frightened; reroll vs charm or compulsion on failure.	passive	1	1		{"apCost":"0","playLimitPerTurn":"1","isCard":"false","isBasicAttack":"false","aiTag":""}	
0c31100f-b7b7-4120-b478-12d81527a5c7	Perfect Kata	High-impact burst attack sequence.	combat	1	1		{"apCost":"0","playLimitPerTurn":"1","isCard":"false","isBasicAttack":"false","aiTag":""}	
1a6f6153-792c-4a49-815f-91dae3310685	Resonant Armor	Unarmored AC formula and reaction damage reduction.	passive_reaction	1	1		{"apCost":"0","playLimitPerTurn":"1","isCard":"false","isBasicAttack":"false","aiTag":""}	
58efa204-fb50-4c00-bcba-ec368e9f9046	Echomind Clarity	Advantage on Wisdom saves; immune to forced oath-breaking control.	passive	1	1		{"apCost":"0","playLimitPerTurn":"1","isCard":"false","isBasicAttack":"false","aiTag":""}	
4c86276a-ff20-4f24-b185-044a401a0862	Between Mastery	Dodge as bonus action and surge upgrades.	passive	1	1		{"apCost":"0","playLimitPerTurn":"1","isCard":"false","isBasicAttack":"false","aiTag":""}	
aa5d40c8-7bf7-4b44-a8e2-1134c6e33aa9	Blade-Sworn	Weapon return, anti-disarm, incorporeal strike support.	passive_weapon	1	1		{"apCost":"0","playLimitPerTurn":"1","isCard":"false","isBasicAttack":"false","aiTag":""}	
d56dca3b-7d1d-4bc1-a34c-0586a9f1ba82	The Seventh Vein	Capstone package with surge and death-action effects.	capstone	1	1		{"apCost":"0","playLimitPerTurn":"1","isCard":"false","isBasicAttack":"false","aiTag":""}	
c785594e-51ff-40b0-a087-0131e801a575	Lord's Resonance	Social advantage and ward-linked bonus damage.	subclass_iron_lord	1	1		{"apCost":"0","playLimitPerTurn":"1","isCard":"false","isBasicAttack":"false","aiTag":""}	
3d8950b4-167b-4c68-9d12-718a4259c493	Iron Vanguard	Reaction movement to interpose and become target instead of ward.	subclass_iron_lord	1	1		{"apCost":"0","playLimitPerTurn":"1","isCard":"false","isBasicAttack":"false","aiTag":""}	
e84c0d21-c5a6-4e40-ab7b-295da2b3c979	Code of the House	Anti-retreat resistance and ward protection extension.	subclass_iron_lord	1	1		{"apCost":"0","playLimitPerTurn":"1","isCard":"false","isBasicAttack":"false","aiTag":""}	
49d93467-a99c-4305-8587-960b23c175c8	Unbroken Fealty	Transfer HP to ward when they drop to 0 HP.	subclass_iron_lord	1	1		{"apCost":"0","playLimitPerTurn":"1","isCard":"false","isBasicAttack":"false","aiTag":""}	
54871609-010d-4217-9468-bb76ac86bdc3	Sutra's Edge	Iron Rite and anti-reanimation effects.	subclass_sutensai_blade	1	1		{"apCost":"0","playLimitPerTurn":"1","isCard":"false","isBasicAttack":"false","aiTag":""}	
5bb0e48e-196e-4b8f-a0b3-7cbf81d351aa	Theological Authority	Religion expertise and once-per-long-rest pacification invocation.	subclass_sutensai_blade	1	1		{"apCost":"0","playLimitPerTurn":"1","isCard":"false","isBasicAttack":"false","aiTag":""}	
25dd1fcb-e50c-4227-9b30-de0cd64a8a82	Between Consecration	Consecrate area with anti-undead pressure and ally support.	subclass_sutensai_blade	1	1		{"apCost":"0","playLimitPerTurn":"1","isCard":"false","isBasicAttack":"false","aiTag":""}	
e0d857e3-fd2c-48bc-a393-0604b1171c8e	The Final Sutra	Soul-bind finishing effect.	subclass_sutensai_blade	1	1		{"apCost":"0","playLimitPerTurn":"1","isCard":"false","isBasicAttack":"false","aiTag":""}	
ecb9522d-5521-4222-ad49-3e4e88588de6	Debt's Memory	Mark debt targets and gain bonuses.	subclass_undying_debt	1	1		{"apCost":"0","playLimitPerTurn":"1","isCard":"false","isBasicAttack":"false","aiTag":""}	
f55174e1-6e94-4b90-8909-8257c17a70bf	Hollow Memory	Meditative memory-construction consultation.	subclass_undying_debt	1	1		{"apCost":"0","playLimitPerTurn":"1","isCard":"false","isBasicAttack":"false","aiTag":""}	
b71fbc2d-8cde-4c97-8241-571e77b7d51a	Unfinished Business	Temporary death-defiance state.	subclass_undying_debt	1	1		{"apCost":"0","playLimitPerTurn":"1","isCard":"false","isBasicAttack":"false","aiTag":""}	
6776042e-0d04-4491-8022-4b4c11bcc5c9	The Debt Becomes the Blade	High-damage debt finisher.	subclass_undying_debt	1	1		{"apCost":"0","playLimitPerTurn":"1","isCard":"false","isBasicAttack":"false","aiTag":""}	
959ca0e0-7a7d-4967-b3b6-1f7085f06533	Temple Form	Choose Water, Fire, or Iron form.	subclass_flesh_temple	1	1		{"apCost":"0","playLimitPerTurn":"1","isCard":"false","isBasicAttack":"false","aiTag":""}	
ddc83169-4f81-4779-b241-92bc21710cc5	Spiritual Violence	Bonus damage and sustain on takedown.	subclass_flesh_temple	1	1		{"apCost":"0","playLimitPerTurn":"1","isCard":"false","isBasicAttack":"false","aiTag":""}	
66d61fcc-91b6-4a26-a7df-620422c3fc54	Perfect Instrument	Max HP and save profile upgrades.	subclass_flesh_temple	1	1		{"apCost":"0","playLimitPerTurn":"1","isCard":"false","isBasicAttack":"false","aiTag":""}	
0082fe86-27ed-4dc5-8a1b-c03e1c91bd5d	The Temple Burns	Overdrive state with backlash.	subclass_flesh_temple	1	1		{"apCost":"0","playLimitPerTurn":"1","isCard":"false","isBasicAttack":"false","aiTag":""}	
1f43d4c0-b968-4a00-978b-fdcce37baa09	Basic Attack (Ironclad)	Free attack card; once per turn.	combat_card	1	1		{"apCost":"0","playLimitPerTurn":"1","isCard":"true","isBasicAttack":"true","aiTag":""}	
00c19466-0f3c-425e-b042-b22d89313cda	Between Stance	Mobility-defense attack rider card.	combat_card	1	1		{"apCost":"1","playLimitPerTurn":"1","isCard":"true","isBasicAttack":"false","aiTag":""}	
84ab4152-e2c5-448e-bc98-dd7e5a8ef935	Iron Breath	Signature suppression card.	utility_card	1	1		{"apCost":"1","playLimitPerTurn":"1","isCard":"true","isBasicAttack":"false","aiTag":""}	
cd950c02-9d81-429b-837d-db57ca6e8874	Resonant Strike	Damage boost card tied to Wisdom scaling.	combat_card	1	1		{"apCost":"1","playLimitPerTurn":"1","isCard":"true","isBasicAttack":"false","aiTag":""}	
390eea9e-7101-4c25-a116-908d8f8d587b	Stillness Kata	If stationary this turn, gain offensive bonus.	combat_card	1	1		{"apCost":"1","playLimitPerTurn":"1","isCard":"true","isBasicAttack":"false","aiTag":""}	
b763536c-08fd-4ece-ba1f-a0df04802a01	Burden Strike	Ally-protection reaction card.	reaction_card	1	1		{"apCost":"1","playLimitPerTurn":"1","isCard":"true","isBasicAttack":"false","aiTag":""}	
d260c3b7-42d9-476d-9e9c-d18b7418ef0b	Iron Witness	Gain temporary HP on nearby takedown trigger.	combat_card	1	1		{"apCost":"1","playLimitPerTurn":"1","isCard":"true","isBasicAttack":"false","aiTag":""}	
81c9ff33-7e8e-4f5d-a2f1-79e4d5c45802	Resonant Surge	Temporary power state; AP spend and duration tracked by script.	combat_card	1	1		{"apCost":"2","playLimitPerTurn":"1","isCard":"true","isBasicAttack":"false","aiTag":""}	
9fa5e8b7-d8c7-4c93-b74f-c8223c11c368	Perfect Kata	High-impact burst card; once per long rest by additional tracker.	combat_card	1	1		{"apCost":"3","playLimitPerTurn":"1","isCard":"true","isBasicAttack":"false","aiTag":""}	
a2eef04c-23f3-4c15-9afd-264fe0b88fe2	Resonant Armor	Damage reduction reaction with use tracker.	defense_card	1	1		{"apCost":"1","playLimitPerTurn":"1","isCard":"true","isBasicAttack":"false","aiTag":""}	
def42622-7347-4266-a694-917a400f00f8	Blade-Sworn	Passive card marker for bonded weapon behavior.	passive_card	1	1		{"apCost":"0","playLimitPerTurn":"1","isCard":"true","isBasicAttack":"false","aiTag":""}	
2429ff4a-e3fb-48e8-a98c-b1c8f2778c3b	The Seventh Vein	Capstone card package enabling final-action logic and surge scaling.	capstone_card	1	1		{"apCost":"0","playLimitPerTurn":"1","isCard":"true","isBasicAttack":"false","aiTag":""}	
47571f88-981b-4d0f-b7a5-24d2fe4338db	Lord's Resonance	Ward-linked offense card.	subclass_card	1	1		{"apCost":"1","playLimitPerTurn":"1","isCard":"true","isBasicAttack":"false","aiTag":""}	
3e2af97b-c639-4ec3-a160-7d7ab69a0c98	Iron Vanguard	Interpose reaction card.	subclass_reaction_card	1	1		{"apCost":"1","playLimitPerTurn":"1","isCard":"true","isBasicAttack":"false","aiTag":""}	
f7b7a50d-07e8-4a6f-ba88-09463d0dcd87	Unbroken Fealty	Emergency ward sustain card.	subclass_power_card	1	1		{"apCost":"2","playLimitPerTurn":"1","isCard":"true","isBasicAttack":"false","aiTag":""}	
4516a0a8-2a84-4e4f-a1a0-981d40f7853e	Sutra's Edge	Rite anti-reanimation strike card.	subclass_card	1	1		{"apCost":"1","playLimitPerTurn":"1","isCard":"true","isBasicAttack":"false","aiTag":""}	
e0003de1-0e91-4725-b040-1b7e7707ce4e	Between Consecration	Area consecration card.	subclass_power_card	1	1		{"apCost":"2","playLimitPerTurn":"1","isCard":"true","isBasicAttack":"false","aiTag":""}	
d42b6acc-c530-4fd9-ad89-18b5ac420972	The Final Sutra	Soul-bind finishing card.	subclass_power_card	1	1		{"apCost":"3","playLimitPerTurn":"1","isCard":"true","isBasicAttack":"false","aiTag":""}	
523a499c-2089-4fc1-b8d9-bce0fc769337	Debt's Memory	Mark target and apply debt bonuses.	subclass_card	1	1		{"apCost":"1","playLimitPerTurn":"1","isCard":"true","isBasicAttack":"false","aiTag":""}	
62a2caeb-e26d-41e6-80d7-3739af488a6d	Unfinished Business	Death-defiance card state.	subclass_power_card	1	1		{"apCost":"2","playLimitPerTurn":"1","isCard":"true","isBasicAttack":"false","aiTag":""}	
4793372f-d981-4408-b5dd-6111e87ccee0	The Debt Becomes the Blade	High-damage debt finisher card.	subclass_power_card	1	1		{"apCost":"3","playLimitPerTurn":"1","isCard":"true","isBasicAttack":"false","aiTag":""}	
f77e4e25-edf7-4c2e-9d08-cdf197e942e4	Temple Form	Form selection or switch card.	subclass_card	1	1		{"apCost":"1","playLimitPerTurn":"1","isCard":"true","isBasicAttack":"false","aiTag":""}	
26254ab4-7df4-4143-9eae-ecdc5118da5e	Spiritual Violence	Damage plus sustain card.	subclass_card	1	1		{"apCost":"1","playLimitPerTurn":"1","isCard":"true","isBasicAttack":"false","aiTag":""}	
eff4e62d-0d00-4ffa-a3e1-dbc43cb65d2c	The Temple Burns	Overdrive card with backlash resolution.	subclass_power_card	1	1		{"apCost":"3","playLimitPerTurn":"1","isCard":"true","isBasicAttack":"false","aiTag":""}	
32737b80-54c6-4fea-8c3e-c67acc49287e	Monster Basic Attack	Free baseline attack card, once per turn.	combat_card	1	1		{"apCost":"0","playLimitPerTurn":"1","isCard":"true","isBasicAttack":"true","aiTag":"attack"}	
801cfe82-ffb3-4c57-9a63-e97e87e927d9	Guarded Step	Reposition while applying a brief defensive state.	defense_card	1	1		{"apCost":"1","playLimitPerTurn":"1","isCard":"true","isBasicAttack":"false","aiTag":"mobility"}	
21ec3331-10ce-4636-9d16-a7f4ec78e8ec	Pressure Strike	Standard AP attack card for damage cycling.	combat_card	1	1		{"apCost":"1","playLimitPerTurn":"1","isCard":"true","isBasicAttack":"false","aiTag":"attack"}	
efb6d9b6-9a52-4d3d-9f09-8ad24e8d6bce	Crushing Blow	High-damage card, usually for low-health targets.	power_card	1	1		{"apCost":"2","playLimitPerTurn":"1","isCard":"true","isBasicAttack":"false","aiTag":"finisher"}	
84d3c513-9e88-499c-ba47-144d7a1a8ebb	Suppressive Howl	Applies debuff control state.	control_card	1	1		{"apCost":"2","playLimitPerTurn":"1","isCard":"true","isBasicAttack":"false","aiTag":"control"}	
ab04acdc-ebb0-4a58-a90e-4d14916137a8	Harden Plating	Gain temporary mitigation for incoming damage.	defense_card	1	1		{"apCost":"1","playLimitPerTurn":"1","isCard":"true","isBasicAttack":"false","aiTag":"defense"}	
4a618611-85fe-45fb-81f4-2b865be19537	Recover Cycle	Recover limited HP or cleanse one minor status.	sustain_card	1	1		{"apCost":"1","playLimitPerTurn":"1","isCard":"true","isBasicAttack":"false","aiTag":"sustain"}	
9e654b18-a117-49e1-a851-beaaec8d5413	Reactive Counter	Triggered response card for anti-focus behavior.	reaction_card	1	1		{"apCost":"1","playLimitPerTurn":"1","isCard":"true","isBasicAttack":"false","aiTag":"reaction"}	
9bbf5d51-ff21-4334-a1ca-a5c6c81e0e7d	End Turn	Explicit monster turn end action for script flow.	combat_core	1	1		{"apCost":"0","playLimitPerTurn":"1","isCard":"false","isBasicAttack":"false","aiTag":"system"}	
6750deab-5324-4133-904b-050535273a2f	Phase Shift	Transition behavior state between boss phases.	boss_card	1	1		{"apCost":"2","playLimitPerTurn":"1","isCard":"true","isBasicAttack":"false","aiTag":"control"}	
87f8d899-4bf0-445b-9af0-e743baecfabd	Field Pressure	Battlefield-wide pressure effect.	boss_card	1	1		{"apCost":"2","playLimitPerTurn":"1","isCard":"true","isBasicAttack":"false","aiTag":"control"}	
81134416-85d5-4ceb-900e-db1c3f982e9c	Execution Window	Heavy strike card used under threshold conditions.	boss_finisher_card	1	1		{"apCost":"3","playLimitPerTurn":"1","isCard":"true","isBasicAttack":"false","aiTag":"finisher"}	
5fed4bc0-4840-4435-b961-db600e552d34	Reinforcement Call	Summon allied units based on encounter script.	boss_summon_card	1	1		{"apCost":"2","playLimitPerTurn":"1","isCard":"true","isBasicAttack":"false","aiTag":"support"}	
a1c64664-3ed6-40bc-8f03-2e0059a4bfdf	Guard Protocol	Apply Guard to self or ally.	defense_card	1	1		{"apCost":"1","playLimitPerTurn":"1","isCard":"true","isBasicAttack":"false","aiTag":""}	
8771e804-5d5e-4d44-a50c-089ac6c1225c	Expose Weakpoint	Apply Expose to enemy target.	control_card	1	1		{"apCost":"1","playLimitPerTurn":"1","isCard":"true","isBasicAttack":"false","aiTag":""}	
a3048901-920b-4852-8c5b-55b678b99876	Stagger Strike	Deal fixed damage and apply Stagger.	combat_card	1	1		{"apCost":"1","playLimitPerTurn":"1","isCard":"true","isBasicAttack":"false","aiTag":""}	
3373433e-57b7-4ec5-b2c6-2adb752d9fd7	Cleanse Cycle	Remove one debuff from ally target.	utility_card	1	1		{"apCost":"1","playLimitPerTurn":"1","isCard":"true","isBasicAttack":"false","aiTag":""}	
095f8592-05df-4fe4-9e80-50a69ae13798	Heat Purge	Remove Overheat stacks from self.	utility_card	1	1		{"apCost":"1","playLimitPerTurn":"1","isCard":"true","isBasicAttack":"false","aiTag":""}	
7dad931a-a5b4-4fb7-a615-eee520a3be82	Mark Target	Apply Mark to enemy target.	control_card	1	1		{"apCost":"1","playLimitPerTurn":"1","isCard":"true","isBasicAttack":"false","aiTag":""}	
4bccf595-57ed-4ec1-b977-28eb1a59bf93	Overclock Drive	Empower next card this turn and add Overheat stacks.	power_card	1	1		{"apCost":"2","playLimitPerTurn":"1","isCard":"true","isBasicAttack":"false","aiTag":""}	
7102faa0-73ec-41cc-ba59-c851f3efa978	Weight of Flesh	Target creature within 10 feet: apply Expose 2 and Root. If target has cybernetics, Root extends 1 additional round.	control_card	1	1		{"apCost":"1","playLimitPerTurn":"1","isCard":"true","isBasicAttack":"false","aiTag":""}	
57dc1a9c-1c22-4864-a6fc-851c10306fba	The Still Point	Remove Stagger/Root/Silence/Vulnerable; first enemy card targeting you loses keyword riders. Apply Fortify until next turn.	utility_card	1	1		{"apCost":"2","playLimitPerTurn":"1","isCard":"true","isBasicAttack":"false","aiTag":""}	
6011ada3-8f6d-41c1-aaa7-73db405e06b6	Between-Step	Move through solids/occupied spaces; reduce incoming damage by 4 + RESONANCE; must end in unoccupied space; suspend status expiration.	mobility_card	1	1		{"apCost":"2","playLimitPerTurn":"1","isCard":"true","isBasicAttack":"false","aiTag":""}	
d57ecdf5-b9f9-49a9-aef1-ce06479cecbc	Iron Afterlife Pulse	10-foot radius: enemies take 5 + RESONANCE damage + Expose 2. Below half HP: 8 + RESONANCE + Expose 3. Cannot use at full HP.	resonant_card	1	1		{"apCost":"2","playLimitPerTurn":"1","isCard":"true","isBasicAttack":"false","aiTag":""}	
dc62870b-6a2e-48d9-b8ba-cc60576f7d0f	Signal Hijack	Target enemy within 30 feet with active Signal card: negate and immediately play as own card. Once per enemy per combat.	control_card	1	1		{"apCost":"2","playLimitPerTurn":"1","isCard":"true","isBasicAttack":"false","aiTag":""}	
f9c1194c-99ca-4180-b635-c7b20c6215ff	Infrastructure Broadcast	40-foot radius: enemies with Wire Craft dependency take 4 + SIGNAL damage + Silence 1 turn. Cannot use while under Silence.	control_card	1	1		{"apCost":"2","playLimitPerTurn":"1","isCard":"true","isBasicAttack":"false","aiTag":""}	
9c16fb50-8d5d-4f14-be8d-eb03eaf072bf	Composite Response	Choose Component A or B defined at creation. Component A: heavy damage + Root + Guard. Component B: precision damage + Expose 2 + reposition.	power_card	1	1		{"apCost":"2","playLimitPerTurn":"1","isCard":"true","isBasicAttack":"false","aiTag":""}	
bdaf5251-8a6a-4f91-8515-d758a83e08af	Drift Shift	Shift Drift State (none → minor → major → none). While drifting, gain +2 Guard and Stagger resistance. While major: attacks deal +FRAME bonus damage but you cannot use control cards.	combat_card	1	1		{"apCost":"1","playLimitPerTurn":"1","isCard":"true","isBasicAttack":"false","aiTag":""}	
2cf6788a-b2d6-4dde-b7b3-cf375b960943	Shell-Adjacent State	1 turn: enemies within 20 feet spend 1 AP for offensive actions. Next attack: 8 + RESONANCE + Expose 3 + Stagger. Severs Hollow Author control 3 turns. Shellbroken gains Vulnerable 2 until next turn.	power_card	1	1		{"apCost":"3","playLimitPerTurn":"1","isCard":"true","isBasicAttack":"false","aiTag":""}	
60b24507-0df9-44eb-9f10-d86cd33e550d	What Emptiness Knows	Target within 30 feet: next card halved effect + negated keywords. Allies within 15 feet gain Guard 2 + RESONANCE. Once per enemy per combat.	control_card	1	1		{"apCost":"2","playLimitPerTurn":"1","isCard":"true","isBasicAttack":"false","aiTag":""}	
06d92115-5acd-4191-b903-f0f991e6733d	Prior Ascended Echo	15-foot radius: enemies take 5 + RESONANCE damage. Constructs/undead/Afterlife creatures take +4 + Expose 2. GM adds one minor uncontrolled resonant effect.	resonant_card	1	1		{"apCost":"2","playLimitPerTurn":"1","isCard":"true","isBasicAttack":"false","aiTag":""}	
f0c33cdf-cbbc-4c58-b4cb-9ba3a36fc21a	Formation Flare (Tended)	Tended only. Guard 6 + RESONANCE self. Allies within 10 feet gain Guard 3 + RESONANCE. Enemies within 10 feet take 3 + RESONANCE on melee contact.	defense_card	1	1		{"apCost":"2","playLimitPerTurn":"1","isCard":"true","isBasicAttack":"false","aiTag":""}	
46892bc7-7be9-41c5-893d-2cb83720a154	Uncontrolled Resonance (Unregistered)	Unregistered only. 20-foot radius: enemies take 7 + RESONANCE + Stagger. At/below half HP: Stagger + Expose 3. Self takes 3 damage. Next card costs 0 AP.	power_card	1	1		{"apCost":"3","playLimitPerTurn":"1","isCard":"true","isBasicAttack":"false","aiTag":""}	
2b85848d-a677-44db-9942-98e617a9bf29	Below the Threshold	Until next turn start: next card cannot be Reacted to, damage cannot be reduced by Guard/Shield, status cannot be resisted. Once per enemy per combat.	utility_card	1	1		{"apCost":"1","playLimitPerTurn":"1","isCard":"true","isBasicAttack":"false","aiTag":""}	
9870bd91-a576-48d7-9131-58f6b3b21765	Infrastructure Advantage	In infrastructure location: target within 40 feet takes 4 + EDGE damage + Root + remove enhancement stat bonuses. No augmentations: 3 + VEIL + Expose 2.	control_card	1	1		{"apCost":"2","playLimitPerTurn":"1","isCard":"true","isBasicAttack":"false","aiTag":""}	
fe23b98e-7002-4b48-87d3-ed87a6c6d27f	Basic Attack (Ronin)	Free masterless strike. Once per turn.	combat_card	1	1		{"apCost":"0","playLimitPerTurn":"1","isCard":"true","isBasicAttack":"true","aiTag":""}	
48b5964d-20b5-491b-a1d8-d176705da2b2	Masterless Edge	Baseline Ronin attack leveraging unbound resonance corruption.	combat_card	1	1		{"apCost":"1","playLimitPerTurn":"1","isCard":"true","isBasicAttack":"false","aiTag":""}	
9abb429e-f14a-43f1-b36d-4be34167b695	Broken Resonance	Corrupted signature provides passive resistance to resonance-targeting effects.	defense_card	1	1		{"apCost":"1","playLimitPerTurn":"1","isCard":"true","isBasicAttack":"false","aiTag":""}	
01d00839-0a05-4732-ab1a-46eddc59e5d1	Combat Pragmatism	Efficient strike; no oath overhead, pure mechanical efficiency.	combat_card	1	1		{"apCost":"1","playLimitPerTurn":"1","isCard":"true","isBasicAttack":"false","aiTag":""}	
6b150b73-b19d-4602-ba3c-b7420e289df0	Dirty Finish	Opportunistic follow-up strike on exposed or weakened target.	combat_card	1	1		{"apCost":"1","playLimitPerTurn":"1","isCard":"true","isBasicAttack":"false","aiTag":""}	
73dd1035-a2d2-4647-b042-83b5a7676393	Relentless Press	Maintain pressure through sustained attack sequence.	combat_card	1	1		{"apCost":"1","playLimitPerTurn":"1","isCard":"true","isBasicAttack":"false","aiTag":""}	
10bbe762-4e4e-497f-a2b2-6d9f0ba8851b	Controlled Retreat	Disengage without provoking while maintaining combat options.	mobility_card	1	1		{"apCost":"1","playLimitPerTurn":"1","isCard":"true","isBasicAttack":"false","aiTag":""}	
fd0382fb-0d7b-4fe0-b878-89745679644f	Scar Tissue	Accumulated battle damage provides resistance to further harm.	defense_card	1	1		{"apCost":"1","playLimitPerTurn":"1","isCard":"true","isBasicAttack":"false","aiTag":""}	
cfbbe292-0eaa-4924-895a-8ed90aa57f74	Counter Kata	React to incoming attack with counter-strike.	reaction_card	1	1		{"apCost":"1","playLimitPerTurn":"1","isCard":"true","isBasicAttack":"false","aiTag":""}	
8deed34e-1813-4a9c-9ae4-64019dd86d4c	Masterless Momentum	Chain strikes leveraging unbound energy for escalating damage.	power_card	1	1		{"apCost":"2","playLimitPerTurn":"1","isCard":"true","isBasicAttack":"false","aiTag":""}	
bf6ed3ff-68a1-46f8-bf3b-d565b3e2bab2	Resonant Corruption	Unleash corrupted resonance signature as a damaging attack.	combat_card	1	1		{"apCost":"2","playLimitPerTurn":"1","isCard":"true","isBasicAttack":"false","aiTag":""}	
5e97c1c8-8a8f-4d86-8d98-fe9cb8640ef4	Iron Scar	Convert accumulated damage into temporary defensive fortification.	defense_card	1	1		{"apCost":"2","playLimitPerTurn":"1","isCard":"true","isBasicAttack":"false","aiTag":""}	
48e21a40-a4d6-40fd-8776-245a4bc221f0	Exile Cut	Precision strike informed by hard-won combat experience.	combat_card	1	1		{"apCost":"2","playLimitPerTurn":"1","isCard":"true","isBasicAttack":"false","aiTag":""}	
ef36ea47-9987-444c-9a20-835951229708	Fracture Strike	Strike targeting structural weaknesses with corrupted resonance.	combat_card	1	1		{"apCost":"2","playLimitPerTurn":"1","isCard":"true","isBasicAttack":"false","aiTag":""}	
6a7c5c85-8e14-46fb-9e0e-5577c6b5f707	Ghost Step	Movement exploiting Between awareness from corrupted signature.	mobility_card	1	1		{"apCost":"2","playLimitPerTurn":"1","isCard":"true","isBasicAttack":"false","aiTag":""}	
d5c55664-86ef-4f6b-9d0c-b46a3f9d3024	Unshackled Violence	Uninhibited assault unbound by oath restrictions.	combat_card	1	1		{"apCost":"2","playLimitPerTurn":"1","isCard":"true","isBasicAttack":"false","aiTag":""}	
6f4b701d-4de9-474e-9630-1b406e20a05d	Masterless Perfection	Peak expression of unbound combat philosophy.	power_card	1	1		{"apCost":"3","playLimitPerTurn":"1","isCard":"true","isBasicAttack":"false","aiTag":""}	
3fd4a92e-c40d-49e9-83dd-6e1b2574ef47	Broken Code Strike	Signature strike channeling oath-fracture into pure offensive output.	power_card	1	1		{"apCost":"3","playLimitPerTurn":"1","isCard":"true","isBasicAttack":"false","aiTag":""}	
72ad9828-6a4e-4447-af9b-f2b3a178363c	Resonance Inversion	Turn corrupted resonance signature against enemy resonant abilities.	control_card	1	1		{"apCost":"3","playLimitPerTurn":"1","isCard":"true","isBasicAttack":"false","aiTag":""}	
fb64db9d-40d4-43a5-868a-b01a66266aed	No Lord But the Work	Capstone: ultimate expression of masterless philosophy and freedom from obligation.	capstone_card	1	1		{"apCost":"3","playLimitPerTurn":"1","isCard":"true","isBasicAttack":"false","aiTag":""}	
446d93ae-6fbe-4dba-9940-f4865fa3cd83	Basic Attack (Ashfoot)	Free salvage-quality strike. Once per turn.	combat_card	1	1		{"apCost":"0","playLimitPerTurn":"1","isCard":"true","isBasicAttack":"true","aiTag":""}	
fa139e2f-9a62-46db-bd6b-b88582798a0f	Salvage Strike	Effective attack using improvised or salvaged equipment.	combat_card	1	1		{"apCost":"1","playLimitPerTurn":"1","isCard":"true","isBasicAttack":"false","aiTag":""}	
1af949b7-4e8b-49c1-bd08-b50fcea9a069	Fighting Dirty	Exploit every advantage; unconventional attack approach.	combat_card	1	1		{"apCost":"1","playLimitPerTurn":"1","isCard":"true","isBasicAttack":"false","aiTag":""}	
1a5efa61-3918-4fce-a7d5-52489279f240	Eye Strike	Precision strike targeting vulnerable points; applies debuff.	combat_card	1	1		{"apCost":"1","playLimitPerTurn":"1","isCard":"true","isBasicAttack":"false","aiTag":""}	
bbd95041-9c7c-4be3-b85d-63efe018bf81	Gut Check	Rally through pain to resist a debilitating effect.	defense_card	1	1		{"apCost":"1","playLimitPerTurn":"1","isCard":"true","isBasicAttack":"false","aiTag":""}	
09981163-08d7-48a6-9382-4b9224f37fbe	Pain Threshold	Operating well below full capacity; convert HP damage into resilience.	defense_card	1	1		{"apCost":"1","playLimitPerTurn":"1","isCard":"true","isBasicAttack":"false","aiTag":""}	
79633161-a952-487a-a5b8-a6335553a919	Veteran's Reflex	Combat-hardened instinctive reaction to incoming threat.	reaction_card	1	1		{"apCost":"1","playLimitPerTurn":"1","isCard":"true","isBasicAttack":"false","aiTag":""}	
a2ea4971-46b3-44eb-9159-db63a5c70c7b	Nothing to Lose	Low-HP state empowers offensive output; desperation drive.	power_card	1	1		{"apCost":"2","playLimitPerTurn":"1","isCard":"true","isBasicAttack":"false","aiTag":""}	
c3cbebeb-4830-4ef0-af72-8ee0c5a81903	Into the Grinder	Aggressive advance through hostile terrain or enemy formation.	combat_card	1	1		{"apCost":"2","playLimitPerTurn":"1","isCard":"true","isBasicAttack":"false","aiTag":""}	
121dc59d-b4fd-450f-9a8d-9873947f95dd	Strike and Fade	Hit and immediately reposition to safety.	mobility_card	1	1		{"apCost":"2","playLimitPerTurn":"1","isCard":"true","isBasicAttack":"false","aiTag":""}	
428f2939-f0ec-4ded-8540-695e54f48cdd	One More Round	Refuse to fall; stabilize at critical HP.	defense_card	1	1		{"apCost":"3","playLimitPerTurn":"1","isCard":"true","isBasicAttack":"false","aiTag":""}	
56ace648-8160-4f69-a3ba-97b78794b750	Unbreakable	Maximum resilience state; near-impossible to put down.	defense_card	1	1		{"apCost":"3","playLimitPerTurn":"1","isCard":"true","isBasicAttack":"false","aiTag":""}	
17714a06-2190-41f0-8c1d-c84a6ed7d1be	Bloody End	Final push offensive strike when all resources are committed.	combat_card	1	1		{"apCost":"3","playLimitPerTurn":"1","isCard":"true","isBasicAttack":"false","aiTag":""}	
ec0d9a6a-80aa-4e35-9483-3605ae6afbc4	What We're Worth	Capstone: prove the worth of the low-caste against all assumptions.	capstone_card	1	1		{"apCost":"3","playLimitPerTurn":"1","isCard":"true","isBasicAttack":"false","aiTag":""}	
95923d0b-e189-4bfd-8d9d-e641d500548a	Basic Attack (Veilblade)	Free suppressed strike. Once per turn.	combat_card	1	1		{"apCost":"0","playLimitPerTurn":"1","isCard":"true","isBasicAttack":"true","aiTag":""}	
ae488ed0-4600-4863-b99b-f89c0aaaf9df	Precision Strike	Targeted attack through suppressed signature minimizing detection.	combat_card	1	1		{"apCost":"1","playLimitPerTurn":"1","isCard":"true","isBasicAttack":"false","aiTag":""}	
1a1cd703-1e43-4cc3-a6b6-bb4b9e66cae6	Wire Entry	Enter Wire Craft network for movement or information access.	utility_card	1	1		{"apCost":"1","playLimitPerTurn":"1","isCard":"true","isBasicAttack":"false","aiTag":""}	
6a258285-d18b-44a7-b49a-4f480953fe86	Marked Target	Designate target for enhanced follow-up attacks.	control_card	1	1		{"apCost":"1","playLimitPerTurn":"1","isCard":"true","isBasicAttack":"false","aiTag":""}	
2381b082-4cf7-4e52-9995-544e8a936098	Ghost Walk	Move through network or physical space while maintaining null signature.	mobility_card	1	1		{"apCost":"1","playLimitPerTurn":"1","isCard":"true","isBasicAttack":"false","aiTag":""}	
96143b42-8318-4c74-86a1-9cf9348b981b	Uncanny Dodge	Exploit signal intelligence to anticipate and avoid attack.	reaction_card	1	1		{"apCost":"1","playLimitPerTurn":"1","isCard":"true","isBasicAttack":"false","aiTag":""}	
4fd37237-f201-4959-a0bc-915d2c592443	Wire Assault	Attack delivered through or using Wire Craft network.	combat_card	1	1		{"apCost":"2","playLimitPerTurn":"1","isCard":"true","isBasicAttack":"false","aiTag":""}	
d93e8fef-02b6-43be-b376-7ccdbe7bf61a	Evasion Protocol	Automated evasion sequence from accumulated signal intelligence.	defense_card	1	1		{"apCost":"2","playLimitPerTurn":"1","isCard":"true","isBasicAttack":"false","aiTag":""}	
06484287-4a28-4d6a-ac8e-e9fb5a3c3e65	Clean Strike	Near-perfect elimination strike; minimal trace, maximum effect.	combat_card	1	1		{"apCost":"2","playLimitPerTurn":"1","isCard":"true","isBasicAttack":"false","aiTag":""}	
1abdeb2b-6870-45a1-9a1c-c07dd174bd27	Blacksite	Establish a completely signal-null zone; effective barrier for Wire Craft.	utility_card	1	1		{"apCost":"3","playLimitPerTurn":"1","isCard":"true","isBasicAttack":"false","aiTag":""}	
66f1cc06-5e30-4492-a958-a184a86b2dfb	Network Weapon	Use Wire Craft network infrastructure as offensive weapon.	combat_card	1	1		{"apCost":"3","playLimitPerTurn":"1","isCard":"true","isBasicAttack":"false","aiTag":""}	
cc22abd9-c402-41c9-a1e7-559693628b3d	Inevitable	Target acquisition becomes absolute; nothing can prevent this action.	utility_card	1	1		{"apCost":"3","playLimitPerTurn":"1","isCard":"true","isBasicAttack":"false","aiTag":""}	
bfc1fdf8-dc5d-413e-b0fc-404626230baa	The Unwitnessed	Capstone: act without any record, trace, or witness ever knowing.	capstone_card	1	1		{"apCost":"3","playLimitPerTurn":"1","isCard":"true","isBasicAttack":"false","aiTag":""}	
8cb60402-12ab-46e4-a781-dd7b87a52963	Basic Attack (Oni Hunter)	Free hunter's strike. Once per turn.	combat_card	1	1		{"apCost":"0","playLimitPerTurn":"1","isCard":"true","isBasicAttack":"true","aiTag":""}	
1f40bfb5-7e9a-4431-bf08-6f208814769d	Hunter's Mark	Designate quarry and gain all mark-conditional bonuses against them.	utility_card	1	1		{"apCost":"1","playLimitPerTurn":"1","isCard":"true","isBasicAttack":"false","aiTag":""}	
ba5a66e7-5451-44cb-a2ce-80ba30e4f085	Void Strike	Attack targeting dissolution resonance or Between-entity weakness.	combat_card	1	1		{"apCost":"1","playLimitPerTurn":"1","isCard":"true","isBasicAttack":"false","aiTag":""}	
4e0f1966-b98d-4b31-8997-557aaa9c7404	Quarry's Weakness	Identify and exploit identified quarry's specific vulnerability.	utility_card	1	1		{"apCost":"1","playLimitPerTurn":"1","isCard":"true","isBasicAttack":"false","aiTag":""}	
00b06d07-d025-44b4-aaf9-04d89a6e2596	Shell-State Disruption	Attack specifically targeting shell-state anchoring.	combat_card	1	1		{"apCost":"1","playLimitPerTurn":"1","isCard":"true","isBasicAttack":"false","aiTag":""}	
4814963d-ec9e-4a27-b5d3-73571eecbd95	Enhancement Interrupt	Interrupt or disable enemy enhancement-based card.	control_card	1	1		{"apCost":"1","playLimitPerTurn":"1","isCard":"true","isBasicAttack":"false","aiTag":""}	
6ebe2095-45d5-4d8b-a68c-6fde031a9448	Relentless Hunter	Sustained pursuit-state enabling escalating quarry pressure.	power_card	1	1		{"apCost":"2","playLimitPerTurn":"1","isCard":"true","isBasicAttack":"false","aiTag":""}	
200b6df1-3694-4c02-8910-d5c97c5cb8f1	Quarry's End	High-damage finishing strike against designated quarry.	combat_card	1	1		{"apCost":"2","playLimitPerTurn":"1","isCard":"true","isBasicAttack":"false","aiTag":""}	
4921a34f-99a2-4a07-b164-b0d4064d7a61	Between-Walker	Pursue target through Between-space; ignore conventional obstacles.	mobility_card	1	1		{"apCost":"2","playLimitPerTurn":"1","isCard":"true","isBasicAttack":"false","aiTag":""}	
edab7f0c-f33f-4b17-8280-9d6c1ca4a421	Dissolution Nova	Massive dissolution-resonance detonation against gathered targets.	combat_card	1	1		{"apCost":"3","playLimitPerTurn":"1","isCard":"true","isBasicAttack":"false","aiTag":""}	
7b192bc2-4b61-4ee5-9e29-93451c1aa44f	Hunter's Apotheosis	Peak hunting state; near-perfect threat assessment and elimination.	power_card	1	1		{"apCost":"3","playLimitPerTurn":"1","isCard":"true","isBasicAttack":"false","aiTag":""}	
90e83a6e-adf0-4f5f-ba90-63b8b26d78db	The Final Mark	Capstone: absolute quarry designation — the marked target cannot escape or endure.	capstone_card	1	1		{"apCost":"3","playLimitPerTurn":"1","isCard":"true","isBasicAttack":"false","aiTag":""}	
7adcfd61-cbe8-405f-bbde-77ba522f2e82	Basic Attack (Forge Tender)	Free maintenance tool strike. Once per turn.	combat_card	1	1		{"apCost":"0","playLimitPerTurn":"1","isCard":"true","isBasicAttack":"true","aiTag":""}	
3d29c261-cb84-4d84-b23d-674fbb438dd5	Forge Mending	Restore HP to ally using enhancement stabilization technique.	utility_card	1	1		{"apCost":"1","playLimitPerTurn":"1","isCard":"true","isBasicAttack":"false","aiTag":""}	
1b989cd1-1f3f-4d4b-ad68-7d96bc411f10	Enhancement Stabilization	React to ally enhancement failure; prevent or reduce damage.	reaction_card	1	1		{"apCost":"1","playLimitPerTurn":"1","isCard":"true","isBasicAttack":"false","aiTag":""}	
b004a28d-3c21-4220-9780-a8deb7c76c30	Suture Protocol	Quick repair action restoring limited HP and clearing minor status.	utility_card	1	1		{"apCost":"1","playLimitPerTurn":"1","isCard":"true","isBasicAttack":"false","aiTag":""}	
8a140907-3ae6-468f-b547-8d362a6d1584	Fortify Ally	Apply Guard to ally through resonant reinforcement.	defense_card	1	1		{"apCost":"2","playLimitPerTurn":"1","isCard":"true","isBasicAttack":"false","aiTag":""}	
d1450751-50fe-4b00-82a3-b216ccfcdb85	Emergency Override	Force-override failing enhancement to restore function temporarily.	control_card	1	1		{"apCost":"2","playLimitPerTurn":"1","isCard":"true","isBasicAttack":"false","aiTag":""}	
77b2ec7e-2f19-40ce-894d-7031fd5b45f7	Forge Under Fire	Perform emergency repair while under active combat pressure.	utility_card	1	1		{"apCost":"2","playLimitPerTurn":"1","isCard":"true","isBasicAttack":"false","aiTag":""}	
3876fc37-9241-479d-9ee4-139e8a2c53c5	Combat Triage	Rapid battlefield HP restoration across multiple allies.	utility_card	1	1		{"apCost":"2","playLimitPerTurn":"1","isCard":"true","isBasicAttack":"false","aiTag":""}	
565a0a01-c410-47e3-90b0-007de2d250d5	Overhaul	Full emergency repair restoring major HP and clearing all debuffs.	utility_card	1	1		{"apCost":"3","playLimitPerTurn":"1","isCard":"true","isBasicAttack":"false","aiTag":""}	
54e2ca5f-6151-4790-8f8f-581b3013480a	Keeper's Wrath	Channel Resonance Keeper authority as damaging spiritual attack.	combat_card	1	1		{"apCost":"3","playLimitPerTurn":"1","isCard":"true","isBasicAttack":"false","aiTag":""}	
9799d5c1-c04d-41fe-be2d-39166bd46f55	Resonance Flood	Flood area with healing resonance; mass HP restoration.	utility_card	1	1		{"apCost":"3","playLimitPerTurn":"1","isCard":"true","isBasicAttack":"false","aiTag":""}	
06e4a9bb-7f7a-4a94-b8fc-22b255f35a96	The Body Is the Temple	Capstone: the forge tender's art reaches absolute mastery; sustain or end combat.	capstone_card	1	1		{"apCost":"3","playLimitPerTurn":"1","isCard":"true","isBasicAttack":"false","aiTag":""}	
74de3c10-854b-4d0b-a369-0fe77e3eb3da	Basic Attack (Wireweave)	Free signal strike. Once per turn.	combat_card	1	1		{"apCost":"0","playLimitPerTurn":"1","isCard":"true","isBasicAttack":"true","aiTag":""}	
12caf12d-1b35-4be5-a484-9c9fa455751a	Signal Skim	Quick signal-frequency attack skimming enhancement vulnerabilities.	combat_card	1	1		{"apCost":"1","playLimitPerTurn":"1","isCard":"true","isBasicAttack":"false","aiTag":""}	
3cb2de7d-8ddf-4d65-a547-f01345d34b49	Ghost Step	Phase through Wire Craft infrastructure for repositioning.	mobility_card	1	1		{"apCost":"1","playLimitPerTurn":"1","isCard":"true","isBasicAttack":"false","aiTag":""}	
676957f4-dc4a-41b1-bb06-5474df5a96b6	Wire Lock	Bind target within Wire Craft infrastructure, applying Root or Silence.	control_card	1	1		{"apCost":"1","playLimitPerTurn":"1","isCard":"true","isBasicAttack":"false","aiTag":""}	
86b2f0dd-73de-46a5-95b2-5e6648c71396	Interference Pulse	Disrupt signal-dependent abilities in targeted area.	control_card	1	1		{"apCost":"1","playLimitPerTurn":"1","isCard":"true","isBasicAttack":"false","aiTag":""}	
b32f66c4-1d7f-435c-819c-32289f8acb0a	Signal Dart	Precise signal bolt leveraging SIGNAL stat.	combat_card	1	1		{"apCost":"1","playLimitPerTurn":"1","isCard":"true","isBasicAttack":"false","aiTag":""}	
33976209-7bed-4d0b-81e1-6749126a2495	Cascade Flicker	Signal cascade jumping through connected targets.	combat_card	1	1		{"apCost":"2","playLimitPerTurn":"1","isCard":"true","isBasicAttack":"false","aiTag":""}	
79cf2411-6964-49ef-84a3-bab82de8c2d9	Enhancement Disrupt	Temporarily disable or degrade target's enhancement functions.	control_card	1	1		{"apCost":"2","playLimitPerTurn":"1","isCard":"true","isBasicAttack":"false","aiTag":""}	
12347a51-6f16-4b1b-9108-8fe0a874ecd6	Neural Spike	Targeted attack through neural-wire connection; bypasses armor.	combat_card	1	1		{"apCost":"2","playLimitPerTurn":"1","isCard":"true","isBasicAttack":"false","aiTag":""}	
cc02595b-f983-4021-8884-8dedc079b9f0	Wire Crash	Force infrastructure crash; area control through system shutdown.	control_card	1	1		{"apCost":"2","playLimitPerTurn":"1","isCard":"true","isBasicAttack":"false","aiTag":""}	
76d05597-98f4-43b7-96e0-2785c3e572fb	Cascade Shutdown	Chain shutdown disabling multiple connected enhancement systems.	control_card	1	1		{"apCost":"3","playLimitPerTurn":"1","isCard":"true","isBasicAttack":"false","aiTag":""}	
6482de38-dcc4-4476-887c-20a9d2a3218e	Wire Burn	Overload Wire Craft network for massive channeled damage.	combat_card	1	1		{"apCost":"3","playLimitPerTurn":"1","isCard":"true","isBasicAttack":"false","aiTag":""}	
4a951f5e-fe31-459d-bc00-b50b894da5be	System Override	Take full control of target's Wire Craft integrated systems.	control_card	1	1		{"apCost":"3","playLimitPerTurn":"1","isCard":"true","isBasicAttack":"false","aiTag":""}	
23882700-f5ab-424e-ae0e-5f27cc4df00a	The Architect	Signature: reshape Wire Craft infrastructure to your design.	power_card	1	1		{"apCost":"3","playLimitPerTurn":"1","isCard":"true","isBasicAttack":"false","aiTag":""}	
35ea7d70-c5b3-4557-8048-6812bba851ed	The Weave Speaks	Absolute signal authority; the network obeys.	control_card	1	1		{"apCost":"3","playLimitPerTurn":"1","isCard":"true","isBasicAttack":"false","aiTag":""}	
adf2ce54-eb6d-492d-bc0e-e1c208259a1c	Ghost Sovereign	Capstone: become fully invisible and untraceable within Wire Craft environments; the network sees through your eyes alone.	capstone_card	1	1		{"apCost":"3","playLimitPerTurn":"1","isCard":"true","isBasicAttack":"false","aiTag":""}	
b4a5e14a-39ee-4406-8e09-a1c9d1bb52dd	Basic Attack (Chrome Shaper)	Free reconfigured strike. Once per turn.	combat_card	1	1		{"apCost":"0","playLimitPerTurn":"1","isCard":"true","isBasicAttack":"true","aiTag":""}	
ad16e163-c4e5-4b62-9410-d9073a1db935	Speed Configuration	Reconfigure chassis for speed and mobility burst.	mobility_card	1	1		{"apCost":"1","playLimitPerTurn":"1","isCard":"true","isBasicAttack":"false","aiTag":""}	
9f398956-c803-4286-87d4-9ccafabbcd0b	Circuit Spike	Enhancement-powered strike leveraging current configuration.	combat_card	1	1		{"apCost":"1","playLimitPerTurn":"1","isCard":"true","isBasicAttack":"false","aiTag":""}	
77651d7f-6946-4d98-80cf-a9298a58d3d0	Armor Configuration	Reconfigure chassis for maximum damage mitigation.	defense_card	1	1		{"apCost":"1","playLimitPerTurn":"1","isCard":"true","isBasicAttack":"false","aiTag":""}	
abc03b8d-58a3-4180-9d7b-d3787ece13cb	Strength Configuration	Reconfigure chassis for strength and melee output.	combat_card	1	1		{"apCost":"1","playLimitPerTurn":"1","isCard":"true","isBasicAttack":"false","aiTag":""}	
b070c49d-34a5-4090-bd98-08f2994e54a8	Overclock Protocol	Push enhancement systems beyond rated capacity for temporary boost.	power_card	1	1		{"apCost":"2","playLimitPerTurn":"1","isCard":"true","isBasicAttack":"false","aiTag":""}	
bc636c51-d16b-4ba0-9cad-c65061cf4f52	Hostile Reconfiguration	Force-reconfigure target's enhancements to malfunction or misdirect.	control_card	1	1		{"apCost":"2","playLimitPerTurn":"1","isCard":"true","isBasicAttack":"false","aiTag":""}	
e352df0e-2b52-46c4-9d97-7000b4809df8	Resonant Amplifier	Amplify current configuration through resonant alignment.	power_card	1	1		{"apCost":"2","playLimitPerTurn":"1","isCard":"true","isBasicAttack":"false","aiTag":""}	
1cbd2a21-4939-4eb6-8748-879d32de78d5	Forge Crash	Catastrophic configuration crash targeting enhancement-dependent enemy.	control_card	1	1		{"apCost":"3","playLimitPerTurn":"1","isCard":"true","isBasicAttack":"false","aiTag":""}	
b4cce7ff-a9ed-4026-aaf4-59fda5825f65	Maximum Output	All configurations simultaneously maximized; unsustainable peak state.	power_card	1	1		{"apCost":"3","playLimitPerTurn":"1","isCard":"true","isBasicAttack":"false","aiTag":""}	
b149180d-d50b-471d-b06d-06c6af2729d6	Resonant Architecture	Signature: design and implement a resonant enhancement structure in combat.	power_card	1	1		{"apCost":"3","playLimitPerTurn":"1","isCard":"true","isBasicAttack":"false","aiTag":""}	
16e5f1ec-1ecf-4e83-b8ed-6b4ca627d981	Total Reconfiguration	Completely rebuild configuration mid-combat; reset all tracking states.	utility_card	1	1		{"apCost":"3","playLimitPerTurn":"1","isCard":"true","isBasicAttack":"false","aiTag":""}	
c3e771fa-b04d-41ba-8af0-8a24811c3a89	The Living Blueprint	Capstone: become the living design; configurations are instantaneous and perfect.	capstone_card	1	1		{"apCost":"3","playLimitPerTurn":"1","isCard":"true","isBasicAttack":"false","aiTag":""}	
edd0e343-8d03-42eb-b997-448cf504816f	Basic Attack (Pulse Caller)	Free integrated pulse arm shot. Once per turn.	combat_card	1	1		{"apCost":"0","playLimitPerTurn":"1","isCard":"true","isBasicAttack":"true","aiTag":""}	
1ae52df2-7f29-41fc-ae6e-95d0a11d697e	Pulse Shot	Standard integrated weapon discharge.	combat_card	1	1		{"apCost":"1","playLimitPerTurn":"1","isCard":"true","isBasicAttack":"false","aiTag":""}	
3948ac9c-9dfb-41c8-8f18-f1cba4b97f5f	Precision Lock	Acquire precise targeting lock enabling enhanced follow-up shots.	control_card	1	1		{"apCost":"1","playLimitPerTurn":"1","isCard":"true","isBasicAttack":"false","aiTag":""}	
af645fd9-aa4c-4855-8d62-be8a7f1fc31c	Suppression Line	Area denial through sustained suppressive fire.	control_card	1	1		{"apCost":"1","playLimitPerTurn":"1","isCard":"true","isBasicAttack":"false","aiTag":""}	
bad7376f-3878-4d35-8a11-31fa5e6bbc2f	Snapshot	Reaction-speed shot triggered by threat presentation.	combat_card	1	1		{"apCost":"1","playLimitPerTurn":"1","isCard":"true","isBasicAttack":"false","aiTag":""}	
52aae9c7-16ec-4742-b8a3-19d6bec6fbd2	Double Tap	Follow-up second shot on the same target this turn.	combat_card	1	1		{"apCost":"1","playLimitPerTurn":"1","isCard":"true","isBasicAttack":"false","aiTag":""}	
eae8f007-bce7-49a6-bf37-9653ea794ea9	Overcharge	Overcharged pulse for amplified single-target damage.	combat_card	1	1		{"apCost":"2","playLimitPerTurn":"1","isCard":"true","isBasicAttack":"false","aiTag":""}	
cba80bc6-d9b2-46c9-9f6a-a9e7662f2daa	Area Pulse	Wide-area pulse discharge hitting multiple targets.	combat_card	1	1		{"apCost":"2","playLimitPerTurn":"1","isCard":"true","isBasicAttack":"false","aiTag":""}	
39434bce-825a-448b-9444-8104295f48ea	Dead Eye	Perfect shot precision; maximizes damage against a single target.	combat_card	1	1		{"apCost":"2","playLimitPerTurn":"1","isCard":"true","isBasicAttack":"false","aiTag":""}	
fa7221df-7226-4d2f-884e-8aecf20f7578	Kill Zone	Establish denied zone where movement triggers automatic shots.	control_card	1	1		{"apCost":"2","playLimitPerTurn":"1","isCard":"true","isBasicAttack":"false","aiTag":""}	
a6dc6f9b-707f-40c8-8e9f-dc55ed535492	Full Suppression	Total suppressive control of a combat zone.	control_card	1	1		{"apCost":"3","playLimitPerTurn":"1","isCard":"true","isBasicAttack":"false","aiTag":""}	
b96ca24c-dcf0-47a9-8b87-29a9e338b839	Soul Shot	Resonant-charged shot targeting spiritual and physical simultaneously.	combat_card	1	1		{"apCost":"3","playLimitPerTurn":"1","isCard":"true","isBasicAttack":"false","aiTag":""}	
d9a0a308-26c7-4527-be59-8e8fa0c46b63	Apex Precision	Perfect shot with no margin for error; absolute targeting.	combat_card	1	1		{"apCost":"3","playLimitPerTurn":"1","isCard":"true","isBasicAttack":"false","aiTag":""}	
f6f35834-df1a-4fe9-ace3-78f80f3a390d	The Living Weapon	Capstone: the pulse caller and weapon become one unified system.	capstone_card	1	1		{"apCost":"3","playLimitPerTurn":"1","isCard":"true","isBasicAttack":"false","aiTag":""}	
a206ba54-451a-4ad6-87ef-3090552098cc	Basic Attack (Iron Monk)	Free resonant strike. Once per turn.	combat_card	1	1		{"apCost":"0","playLimitPerTurn":"1","isCard":"true","isBasicAttack":"true","aiTag":""}	
2db3b5a8-d0a4-4016-b07f-5df769d5af67	Resonant Strike	Focused resonant energy channeled through unarmed strike.	combat_card	1	1		{"apCost":"1","playLimitPerTurn":"1","isCard":"true","isBasicAttack":"false","aiTag":""}	
068c2ea0-e6ac-4f08-a672-29724ff314bb	Between Step	Move through the Between; repositioning without physical travel.	mobility_card	1	1		{"apCost":"1","playLimitPerTurn":"1","isCard":"true","isBasicAttack":"false","aiTag":""}	
c8579d05-151f-4753-b203-18f2917fedb4	Iron Guard	Absolute defensive discipline; convert stillness into protection.	defense_card	1	1		{"apCost":"1","playLimitPerTurn":"1","isCard":"true","isBasicAttack":"false","aiTag":""}	
56fc7dde-234d-4682-b984-3b67bd3d686d	Deliberate Breath	Controlled breathing technique; clear status and stabilize.	defense_card	1	1		{"apCost":"1","playLimitPerTurn":"1","isCard":"true","isBasicAttack":"false","aiTag":""}	
ad6c4aef-6956-4b7c-b451-423e095956b9	Resonant Defense	Channel resonance into defensive response to incoming attack.	reaction_card	1	1		{"apCost":"1","playLimitPerTurn":"1","isCard":"true","isBasicAttack":"false","aiTag":""}	
3d8bed29-d116-454e-911f-77a41ddf212e	Resonant Pulse	Release resonant energy in area burst centered on self.	combat_card	1	1		{"apCost":"2","playLimitPerTurn":"1","isCard":"true","isBasicAttack":"false","aiTag":""}	
ffd29865-3ed8-4669-9d96-c149367e027a	Between Ward	Use Between awareness to negate or reduce incoming attack.	reaction_card	1	1		{"apCost":"1","playLimitPerTurn":"1","isCard":"true","isBasicAttack":"false","aiTag":""}	
3e97f13e-0aed-465e-be78-a7ba5c123f6e	Perfect Strike	Disciplined attack achieving mathematical perfection of force.	combat_card	1	1		{"apCost":"2","playLimitPerTurn":"1","isCard":"true","isBasicAttack":"false","aiTag":""}	
95b99439-c760-4d1d-90ad-925752ec9a3a	Resonant Form	Signature: enter peak resonant physical state; all abilities enhanced.	power_card	1	1		{"apCost":"3","playLimitPerTurn":"1","isCard":"true","isBasicAttack":"false","aiTag":""}	
b076d07b-5a33-4d2e-a512-5eac5810e3a1	Suffering Engine	Convert damage taken into offensive or defensive resource.	utility_card	1	1		{"apCost":"2","playLimitPerTurn":"1","isCard":"true","isBasicAttack":"false","aiTag":""}	
72670586-5437-4e55-b1d3-c9ac86c03c16	Iron Apotheosis	Achieve iron-body state; near-impervious physical form.	power_card	1	1		{"apCost":"3","playLimitPerTurn":"1","isCard":"true","isBasicAttack":"false","aiTag":""}	
68c51ec9-8668-4224-b1f0-f6caf9ffe0a0	The Between Made Flesh	Capstone: the monk's body becomes a vessel of the Between itself.	capstone_card	1	1		{"apCost":"3","playLimitPerTurn":"1","isCard":"true","isBasicAttack":"false","aiTag":""}	
85baf378-8c0e-4ddd-8c89-088c44952ad9	Basic Attack (Echo Speaker)	Free grief-resonance strike. Once per turn.	combat_card	1	1		{"apCost":"0","playLimitPerTurn":"1","isCard":"true","isBasicAttack":"true","aiTag":""}	
632ed7e3-9fad-4041-b9b8-c234044fdfaf	Dead Voice	Channel voice of the Iron Afterlife dead as damaging resonance.	combat_card	1	1		{"apCost":"1","playLimitPerTurn":"1","isCard":"true","isBasicAttack":"false","aiTag":""}	
6ffce761-9527-44d6-8f57-7d78f8820880	Echo Shield	Interpose Afterlife echo as defensive barrier against attack.	reaction_card	1	1		{"apCost":"1","playLimitPerTurn":"1","isCard":"true","isBasicAttack":"false","aiTag":""}	
623f9543-d29b-4bae-baae-3869da114c44	Grief Weapon	Weaponize accumulated grief resonance for enhanced damage.	combat_card	1	1		{"apCost":"1","playLimitPerTurn":"1","isCard":"true","isBasicAttack":"false","aiTag":""}	
c2968870-da26-4b0d-b6de-c63497ad83e9	Spirit Ward	Establish ward of Iron Afterlife energy providing protection.	defense_card	1	1		{"apCost":"1","playLimitPerTurn":"1","isCard":"true","isBasicAttack":"false","aiTag":""}	
93ef685d-756f-4328-9491-8c21e5a16542	Veil Disruption	Disrupt the Veil between living and dead; destabilizes spiritual abilities.	control_card	1	1		{"apCost":"2","playLimitPerTurn":"1","isCard":"true","isBasicAttack":"false","aiTag":""}	
6f21c2a8-52df-45d2-9052-0b07edcc3bec	Grief Blade	Focus grief stacks into a weaponized cutting resonance.	combat_card	1	1		{"apCost":"2","playLimitPerTurn":"1","isCard":"true","isBasicAttack":"false","aiTag":""}	
f58b32d6-9512-471d-aee6-e0d8ccd32268	Iron Afterlife Call	Call upon Iron Afterlife entities for assistance or information.	utility_card	1	1		{"apCost":"2","playLimitPerTurn":"1","isCard":"true","isBasicAttack":"false","aiTag":""}	
9e89ecb6-a32a-40ce-962f-7771778ed027	Echo Storm	Unleash accumulated echoes as chaotic resonant storm.	control_card	1	1		{"apCost":"3","playLimitPerTurn":"1","isCard":"true","isBasicAttack":"false","aiTag":""}	
f1c4833f-1ea8-4101-8fbe-59eec41c1df4	Grief Cascade	Release all accumulated grief stacks as massive resonant detonation.	combat_card	1	1		{"apCost":"3","playLimitPerTurn":"1","isCard":"true","isBasicAttack":"false","aiTag":""}	
2236ebdc-cae0-48fb-a709-489a4729af2b	Veil Apotheosis	Signature: stand at the absolute boundary of life and death simultaneously.	power_card	1	1		{"apCost":"3","playLimitPerTurn":"1","isCard":"true","isBasicAttack":"false","aiTag":""}	
50035d62-7088-4d36-9a2b-5b99a5ac0362	Voice of Both Worlds	Capstone: speak for both the living and the dead simultaneously; absolute authority.	capstone_card	1	1		{"apCost":"3","playLimitPerTurn":"1","isCard":"true","isBasicAttack":"false","aiTag":""}	
3181690e-7c8f-4489-b26f-ff333a1c5145	Basic Attack (Void Walker)	Free phase-state strike. Once per turn.	combat_card	1	1		{"apCost":"0","playLimitPerTurn":"1","isCard":"true","isBasicAttack":"true","aiTag":""}	
15ce1603-767d-4731-b622-153706ecebac	Phase Step	Step partially into void; ignore terrain and reduce incoming damage.	mobility_card	1	1		{"apCost":"1","playLimitPerTurn":"1","isCard":"true","isBasicAttack":"false","aiTag":""}	
6590bc7b-d0d2-4485-bbcc-c3d85e7f6630	Void Strike	Strike from partial void state; bypasses certain defenses.	combat_card	1	1		{"apCost":"1","playLimitPerTurn":"1","isCard":"true","isBasicAttack":"false","aiTag":""}	
b231161d-806a-4100-8ce5-1e0d9b0cd94a	Void Step	Full void repositioning; appear from nothing within range.	mobility_card	1	1		{"apCost":"1","playLimitPerTurn":"1","isCard":"true","isBasicAttack":"false","aiTag":""}	
811ab260-ff6e-4d2c-840f-3992dc8205ec	Phase Dodge	Phase through incoming attack; negate damage through void transition.	reaction_card	1	1		{"apCost":"1","playLimitPerTurn":"1","isCard":"true","isBasicAttack":"false","aiTag":""}	
089d6feb-5682-4ba5-b067-b2b56509d21d	Sustained Phase	Maintain extended partial void state for ongoing defense.	defense_card	1	1		{"apCost":"2","playLimitPerTurn":"1","isCard":"true","isBasicAttack":"false","aiTag":""}	
aa115fc7-ea57-4845-a0ce-6bd0b45c4bdb	Phase Strike	Attack through void phase; damage cannot be reduced by physical armor.	combat_card	1	1		{"apCost":"2","playLimitPerTurn":"1","isCard":"true","isBasicAttack":"false","aiTag":""}	
47c6426e-1147-41fd-a14f-3970bc27998d	Void Pull	Use void transition to displace target's position.	control_card	1	1		{"apCost":"2","playLimitPerTurn":"1","isCard":"true","isBasicAttack":"false","aiTag":""}	
b7db5e8e-6a6a-4e44-bb4b-1d05d3afddfc	Void Burst	Explosive void detonation hitting all enemies in radius.	combat_card	1	1		{"apCost":"3","playLimitPerTurn":"1","isCard":"true","isBasicAttack":"false","aiTag":""}	
4575ca46-f4a3-4aa8-a431-be97f60e821f	Phase Cascade	Chain phase transitions delivering sequential strikes.	combat_card	1	1		{"apCost":"3","playLimitPerTurn":"1","isCard":"true","isBasicAttack":"false","aiTag":""}	
48e1c819-e57c-4ddc-a4b8-b77564b251be	Void Sovereign	Signature: claim absolute dominion over void transitions in this area.	power_card	1	1		{"apCost":"3","playLimitPerTurn":"1","isCard":"true","isBasicAttack":"false","aiTag":""}	
8b2ec8ca-ccb1-41e9-b3ce-dfe201ef95c8	Between the Worlds	Capstone: exist permanently between states; neither fully here nor there.	capstone_card	1	1		{"apCost":"3","playLimitPerTurn":"1","isCard":"true","isBasicAttack":"false","aiTag":""}	
ec674829-e46b-4260-b831-75d0f930ccf0	Basic Attack (Sutensai)	Free doctrinal strike. Once per turn.	combat_card	1	1		{"apCost":"0","playLimitPerTurn":"1","isCard":"true","isBasicAttack":"true","aiTag":""}	
9dfa2670-27ec-43a7-ad16-ff5685e23799	Sutra Condemnation	Invoke Iron Sutra authority to condemn and damage target.	combat_card	1	1		{"apCost":"1","playLimitPerTurn":"1","isCard":"true","isBasicAttack":"false","aiTag":""}	
1c5cb1ab-7a3a-4ec4-9001-6c80fb217fc2	Iron Ward Pulse	Project Iron Sutra ward providing area protection.	defense_card	1	1		{"apCost":"1","playLimitPerTurn":"1","isCard":"true","isBasicAttack":"false","aiTag":""}	
50ad2b3f-7dd3-4f6e-ae2e-55f4a5073232	Authority Seal	Apply institutional authority seal restricting target's actions.	control_card	1	1		{"apCost":"1","playLimitPerTurn":"1","isCard":"true","isBasicAttack":"false","aiTag":""}	
080dc464-7a3e-411e-99c4-686f51547f78	Spiritual Stricture	Bind target with spiritual law; deal damage and restrict ability use. May pay HP instead of AP.	combat_card	1	1		{"apCost":"2","playLimitPerTurn":"1","isCard":"true","isBasicAttack":"false","aiTag":""}	
c5d281b2-e00b-4242-a0fd-c1bd0567ded5	Doctrinal Silence	Enforce doctrinal silence; apply Silence to target through authority.	control_card	1	1		{"apCost":"1","playLimitPerTurn":"1","isCard":"true","isBasicAttack":"false","aiTag":""}	
1c466890-a573-4b3b-b6b3-a65e24bf1e8b	Weight of Law	Apply full institutional weight; root and suppress target. May pay HP instead of AP.	control_card	1	1		{"apCost":"2","playLimitPerTurn":"1","isCard":"true","isBasicAttack":"false","aiTag":""}	
86838c70-1448-474e-8934-dd915aaa4703	Radiant Sentence	Deliver official sentence as resonant damage burst.	combat_card	1	1		{"apCost":"2","playLimitPerTurn":"1","isCard":"true","isBasicAttack":"false","aiTag":""}	
a45e9976-5061-446d-b0a5-da763b70b5c2	Channel Prior	Signature: channel voice and authority of a Prior Ascended entity.	power_card	1	1		{"apCost":"3","playLimitPerTurn":"1","isCard":"true","isBasicAttack":"false","aiTag":""}	
18a9279c-2a8b-433f-86f2-a946003d805d	Spiritual Arrest	Absolute spiritual arrest; total suppression of target. May pay HP instead of AP.	control_card	1	1		{"apCost":"3","playLimitPerTurn":"1","isCard":"true","isBasicAttack":"false","aiTag":""}	
28c78263-ae95-4b16-a116-2f84cfb94659	Sutra Annihilation	Total doctrinal annihilation strike. May pay HP instead of AP.	combat_card	1	1		{"apCost":"3","playLimitPerTurn":"1","isCard":"true","isBasicAttack":"false","aiTag":""}	
d9acb4a7-f788-4bee-8342-a0beaaa31895	The Last Reading	Capstone: read the last truth; absolute doctrinal judgment with lethal authority. May pay HP.	capstone_card	1	1		{"apCost":"3","playLimitPerTurn":"1","isCard":"true","isBasicAttack":"false","aiTag":""}	
50a8cea0-1eb1-4b5a-b7aa-91c5bc4dff46	Basic Attack (Flesh Shaper)	Free organic strike. Once per turn.	combat_card	1	1		{"apCost":"0","playLimitPerTurn":"1","isCard":"true","isBasicAttack":"true","aiTag":""}	
83ccb1b2-3265-48ce-94a1-6c1db0100ff5	Flesh Sense	Learn exact HP and all active debuffs of targets within 30 feet.	utility_card	1	1		{"apCost":"1","playLimitPerTurn":"1","isCard":"true","isBasicAttack":"false","aiTag":""}	
0ac55a46-084a-44a7-8562-1c372e667029	Touch Mend	Restore 6 + SIGNAL HP to one ally; remove one Bleed stack.	utility_card	1	1		{"apCost":"1","playLimitPerTurn":"1","isCard":"true","isBasicAttack":"false","aiTag":""}	
066bdf04-9028-4aa8-b13d-4b53a2ba11d6	Organic Strike	Deal 5 + IRON damage. If target has organic components, apply Bleed 2.	combat_card	1	1		{"apCost":"1","playLimitPerTurn":"1","isCard":"true","isBasicAttack":"false","aiTag":""}	
4d3ba799-db39-4b35-8fa4-8b55f9f84188	Cellular Fortify	Apply Guard 4 + SIGNAL to one ally within 10 feet; resist next Bleed/Burn.	defense_card	1	1		{"apCost":"1","playLimitPerTurn":"1","isCard":"true","isBasicAttack":"false","aiTag":""}	
0948bc38-8c5f-4e1d-94ad-fdc20516d8e3	Diagnostic Touch	Remove one debuff from ally; restore 4 + SIGNAL HP (8 + SIGNAL if critical HP).	utility_card	1	1		{"apCost":"1","playLimitPerTurn":"1","isCard":"true","isBasicAttack":"false","aiTag":""}	
0c452832-dc8a-48dd-88ed-a3135f044242	Crisis Mend	Reaction: ally within 20 feet drops to critical. Restore 7 + SIGNAL HP immediately.	reaction_card	1	1		{"apCost":"1","playLimitPerTurn":"1","isCard":"true","isBasicAttack":"false","aiTag":""}	
4729d71e-9fe1-421f-8f92-223f596edf4a	Pain Architecture	Deal 8 + IRON damage; apply Expose 3 and Stagger; treat FRAME as 2 lower.	control_card	1	1		{"apCost":"2","playLimitPerTurn":"1","isCard":"true","isBasicAttack":"false","aiTag":""}	
96292125-52d3-4ed4-9302-2792d4822da0	Neural Override	Target organic creature within 10 feet; apply Stagger and Root; target cannot use melee Attack cards this turn; deal 6 + IRON damage.	control_card	1	1		{"apCost":"2","playLimitPerTurn":"1","isCard":"true","isBasicAttack":"false","aiTag":""}	
f067ec0c-924a-436c-9ca4-d1c3fec8d437	Accelerated Repair	Restore 12 + SIGNAL HP to one ally; remove all Bleed stacks. If critical, also remove Stagger or Root.	utility_card	1	1		{"apCost":"2","playLimitPerTurn":"1","isCard":"true","isBasicAttack":"false","aiTag":""}	
fc9cd44e-c708-4311-9187-0348cee8bbd6	Seam Pull	Deal 10 + IRON damage to organic target; reduce IRON by 2 until next turn; apply Bleed 3.	combat_card	1	1		{"apCost":"2","playLimitPerTurn":"1","isCard":"true","isBasicAttack":"false","aiTag":""}	
d31e591a-0c8c-4466-934b-8a7bd81b17e1	Mass Mend	Restore 8 + SIGNAL HP to self and up to two allies within 10 feet; remove one Bleed from each.	utility_card	1	1		{"apCost":"2","playLimitPerTurn":"1","isCard":"true","isBasicAttack":"false","aiTag":""}	
ecb973dc-5f50-465c-a2a1-96f565eb9cdd	Flesh Surge	Restore 16 + SIGNAL HP to self; remove all debuffs; next melee Attack deals +IRON damage and applies Bleed 4.	power_card	1	1		{"apCost":"3","playLimitPerTurn":"1","isCard":"true","isBasicAttack":"false","aiTag":""}	
2d788d94-a9fa-4da7-83d6-1d6c3d004ee5	Emergency Restore	Restore 18 + SIGNAL HP to one ally; remove all debuffs. If at 0 HP this turn, return with Regen 3.	utility_card	1	1		{"apCost":"3","playLimitPerTurn":"1","isCard":"true","isBasicAttack":"false","aiTag":""}	
11b83a1b-7180-409a-8a2f-4dbc0e3ab198	Rapid Reconstruction	Restore 20 + SIGNAL HP; remove all debuffs; apply Regen 4 and Guard 6 + SIGNAL. If critical, ally plays one card free.	utility_card	1	1		{"apCost":"3","playLimitPerTurn":"1","isCard":"true","isBasicAttack":"false","aiTag":""}	
e9fc5a16-104b-4d69-9131-d223f31694bc	The Body Complete	Capstone: choose Restore (full HP + Regen 6 + Shield 14 to ally) or Unmake (28 + IRON damage + full debuff stack to enemy).	capstone_card	1	1		{"apCost":"3","playLimitPerTurn":"1","isCard":"true","isBasicAttack":"false","aiTag":""}	
dcfd09c5-1caa-4a7f-a78e-7e0ade908882	Basic Attack (Puppet Binder)	Free binding thread strike. Once per turn.	combat_card	1	1		{"apCost":"0","playLimitPerTurn":"1","isCard":"true","isBasicAttack":"true","aiTag":""}	
f0580056-42a0-45dc-a582-156a6e5c47d0	Thread Probe	Extend binding thread to target; assess vulnerability and establish weak link.	utility_card	1	1		{"apCost":"1","playLimitPerTurn":"1","isCard":"true","isBasicAttack":"false","aiTag":""}	
82b5236d-fa16-47a7-b165-3a67c25e7c74	Minor Bind	Apply partial bind to target; limits action options.	control_card	1	1		{"apCost":"1","playLimitPerTurn":"1","isCard":"true","isBasicAttack":"false","aiTag":""}	
87122f5c-91f1-44e1-95d6-73a260fbba54	Compel Action	Force bound target to perform one specific action.	control_card	1	1		{"apCost":"2","playLimitPerTurn":"1","isCard":"true","isBasicAttack":"false","aiTag":""}	
3e434602-eb92-4fbf-b37e-5b7db76c7126	Thread Assault	Attack through binding thread network; damage scales with bind count.	combat_card	1	1		{"apCost":"2","playLimitPerTurn":"1","isCard":"true","isBasicAttack":"false","aiTag":""}	
c4e7b52d-b89e-49e8-9525-8c8d37790d6e	Puppet Shield	Use bound vessel as shield absorbing incoming damage.	defense_card	1	1		{"apCost":"2","playLimitPerTurn":"1","isCard":"true","isBasicAttack":"false","aiTag":""}	
b130df0a-a4a5-40da-b9b6-ee2548088ede	Full Possession	Take complete control of bound target for one full turn.	power_card	1	1		{"apCost":"3","playLimitPerTurn":"1","isCard":"true","isBasicAttack":"false","aiTag":""}	
eb1cb3f3-b5f7-4189-b909-6d02ac30c2c7	Network Bind	Apply binding threads to multiple targets simultaneously.	control_card	1	1		{"apCost":"3","playLimitPerTurn":"1","isCard":"true","isBasicAttack":"false","aiTag":""}	
a7f84f26-3beb-41d9-b26d-16ccd117a729	The Hollow Practice	Capstone: the binder's art reaches absolute mastery; the bound are truly hollow.	capstone_card	1	1		{"apCost":"3","playLimitPerTurn":"1","isCard":"true","isBasicAttack":"false","aiTag":""}	
ccb15168-233c-43b0-a5b2-0ae853d681b0	Basic Attack (Blood Smith)	Free resonant blood strike. Once per turn.	combat_card	1	1		{"apCost":"0","playLimitPerTurn":"1","isCard":"true","isBasicAttack":"true","aiTag":""}	
31e813c6-f9a3-4f40-b216-ca71411bfade	Blood Weapon	Deal 6 + IRON damage; pay 4 HP. If below half HP deal +IRON bonus damage; apply Bleed 2.	combat_card	1	1		{"apCost":"1","playLimitPerTurn":"1","isCard":"true","isBasicAttack":"false","aiTag":""}	
fab2f561-7c6b-49f3-91fb-b40deb58d21e	Forge Shell	Apply Guard 5 + IRON; pay 3 HP. Melee attackers take 3 resonant damage.	defense_card	1	1		{"apCost":"1","playLimitPerTurn":"1","isCard":"true","isBasicAttack":"false","aiTag":""}	
f56efcc8-dc09-4551-ba68-d2c68ea8176a	Deliberate Bleed	Pay 6 HP instead of AP. Apply Guard 4 + IRON to self and gain Regen 2.	utility_card	1	1		{"apCost":"0","playLimitPerTurn":"1","isCard":"true","isBasicAttack":"false","aiTag":""}	
ffe10219-43fd-4162-a092-00fba7d7a375	Blood Spike	Deal 7 + IRON damage; pay 4 HP. If below half HP apply Bleed 3 instead of Bleed 2.	combat_card	1	1		{"apCost":"1","playLimitPerTurn":"1","isCard":"true","isBasicAttack":"false","aiTag":""}	
cf0a0c42-f626-4b51-89fa-5d9ccadeb557	Resonant Edge	Deal 10 + IRON damage; apply Bleed 2 and Expose 2; pay 5 HP.	combat_card	1	1		{"apCost":"2","playLimitPerTurn":"1","isCard":"true","isBasicAttack":"false","aiTag":""}	
efd891b8-866e-42fe-9fe1-89b7b1c2a1e0	Blood Armor	Apply Guard 7 + IRON; pay 5 HP. Melee attackers take 4 + RESONANCE resonant damage this round.	defense_card	1	1		{"apCost":"2","playLimitPerTurn":"1","isCard":"true","isBasicAttack":"false","aiTag":""}	
c2bb3e18-b3fc-492f-9ca9-d88ea99f861e	Combat Forge	Deal 12 + IRON damage; pay 6 HP; apply Bleed 3. Echo if below half HP.	combat_card	1	1		{"apCost":"2","playLimitPerTurn":"1","isCard":"true","isBasicAttack":"false","aiTag":""}	
173c4fbd-b595-4947-b62c-1b96f386ce6c	Blood Lash	Deal 11 + IRON damage; pay 5 HP (unreducible); apply Bleed 3 and Expose 3.	combat_card	1	1		{"apCost":"2","playLimitPerTurn":"1","isCard":"true","isBasicAttack":"false","aiTag":""}	
ec3b9492-d230-439a-ba5b-8980eb4abfcc	Blood Forge	Deal 18 + IRON damage; pay 10 HP; apply Bleed 4, Expose 4, Vulnerable 3. If below half HP also Stagger.	power_card	1	1		{"apCost":"3","playLimitPerTurn":"1","isCard":"true","isBasicAttack":"false","aiTag":""}	
874bea95-f5b2-4c6b-a7b0-58303b85aa33	Resonant Flood	Deal 20 + RESONANCE damage to all enemies within 15 feet; pay 12 HP; apply Bleed 3 and Expose 3 to each.	combat_card	1	1		{"apCost":"3","playLimitPerTurn":"1","isCard":"true","isBasicAttack":"false","aiTag":""}	
8014632d-764e-4431-bf41-d3062d8476db	Full Lattice	Pay 14 HP (0 AP cost). Until next turn all cards cost 0 AP; melee attacks auto-apply Bleed 4 and Expose 4.	power_card	1	1		{"apCost":"3","playLimitPerTurn":"1","isCard":"true","isBasicAttack":"false","aiTag":""}	
cf181b9f-49bf-467d-a8bb-8d26257df892	The Bleeding Edge	Capstone: pay 20 HP; deal 28 + IRON damage to primary target and 14 + IRON to all enemies within 15 feet; restore 16 HP.	capstone_card	1	1		{"apCost":"3","playLimitPerTurn":"1","isCard":"true","isBasicAttack":"false","aiTag":""}	
d945df61-e7d6-42e5-858d-d658ba720834	Basic Attack (The Hollow)	Free void-resonance strike. Once per turn.	combat_card	1	1		{"apCost":"0","playLimitPerTurn":"1","isCard":"true","isBasicAttack":"true","aiTag":""}	
661e4af0-142b-4154-b085-a28ab718971e	Void Presence	Deal 5 + RESONANCE damage; deal +RESONANCE bonus per 10 HP missing.	combat_card	1	1		{"apCost":"1","playLimitPerTurn":"1","isCard":"true","isBasicAttack":"false","aiTag":""}	
b0a9130f-7aa4-4a8f-a164-0d47fcac212b	Hollow Guard	Apply Guard 5 + FRAME (or Guard 5 + FRAME + RESONANCE if below half HP).	defense_card	1	1		{"apCost":"1","playLimitPerTurn":"1","isCard":"true","isBasicAttack":"false","aiTag":""}	
dce7eaab-f09b-4906-8671-c3dc4c6d99d3	Threshold Strike	Deal 10 + RESONANCE damage; double RESONANCE modifier if below half HP.	combat_card	1	1		{"apCost":"2","playLimitPerTurn":"1","isCard":"true","isBasicAttack":"false","aiTag":""}	
85a8bfdb-02ff-4c1f-8b15-b86d6044cfc1	Void Anchor	Apply Guard 5 + FRAME and Shield 4 (or Guard + RESONANCE and Shield 6 if at critical HP).	defense_card	1	1		{"apCost":"1","playLimitPerTurn":"1","isCard":"true","isBasicAttack":"false","aiTag":""}	
db454567-a579-4802-aaf6-1cb532a8b6bf	Resonant Collapse	Deal 12 + RESONANCE damage; apply Expose 3. If below half HP also Stagger.	combat_card	1	1		{"apCost":"2","playLimitPerTurn":"1","isCard":"true","isBasicAttack":"false","aiTag":""}	
fcac2fa8-7b38-47e9-ba98-213813a85cd2	Hollow Endurance	Apply Guard 8 + FRAME; restore 5 + FRAME HP (or + RESONANCE if below half HP).	defense_card	1	1		{"apCost":"2","playLimitPerTurn":"1","isCard":"true","isBasicAttack":"false","aiTag":""}	
e88b5e5d-23a2-436d-a70e-ddeb728dcf86	Void Deepens	Deal 14 + RESONANCE damage. If below half HP deal +RESONANCE + FRAME bonus and apply Vulnerable 3.	combat_card	1	1		{"apCost":"2","playLimitPerTurn":"1","isCard":"true","isBasicAttack":"false","aiTag":""}	
e7b28d04-359b-483b-bf3e-19e21a579486	The Hollow Threshold	Deal 18 + RESONANCE damage; apply Expose 4 and Vulnerable 3; +RESONANCE + FRAME bonus per 20 HP missing.	power_card	1	1		{"apCost":"3","playLimitPerTurn":"1","isCard":"true","isBasicAttack":"false","aiTag":""}	
fab5d52e-4fce-4293-8ba7-d75fcc277d1e	Void Walk	Signature: cannot be targeted until next turn; return deals 12 + RESONANCE to all enemies within 15 feet.	power_card	1	1		{"apCost":"3","playLimitPerTurn":"1","isCard":"true","isBasicAttack":"false","aiTag":""}	
63b2ac7b-6a3a-413d-935d-65f99f533292	Shell State	Cannot be damaged or targeted until next turn; return deals 18 + RESONANCE; apply Expose 5 and Vulnerable 4.	power_card	1	1		{"apCost":"3","playLimitPerTurn":"1","isCard":"true","isBasicAttack":"false","aiTag":""}	
f850cf85-d51d-4cfe-b9a2-a8e6e9a89a46	The End of One Road	Capstone: enter full Shell-state; return deals 28 + RESONANCE to all in 25 feet; restore 16 + FRAME HP.	capstone_card	1	1		{"apCost":"3","playLimitPerTurn":"1","isCard":"true","isBasicAttack":"false","aiTag":""}	
f19e39ef-d7a5-40f4-b418-bd50a8a45c48	Basic Attack (Shadow Daimyo)	Free shadow strike. Once per turn.	combat_card	1	1		{"apCost":"0","playLimitPerTurn":"1","isCard":"true","isBasicAttack":"true","aiTag":""}	
75018164-2218-4158-b6fb-f7256e88c9d7	Gather Intelligence	Collect intelligence on target; accumulate Intelligence points.	utility_card	1	1		{"apCost":"1","playLimitPerTurn":"1","isCard":"true","isBasicAttack":"false","aiTag":""}	
a57f400e-9d1b-4433-8352-dcaf5bde9688	Social Cut	Leverage intelligence advantage to undermine target socially and tactically.	control_card	1	1		{"apCost":"1","playLimitPerTurn":"1","isCard":"true","isBasicAttack":"false","aiTag":""}	
98dc9d84-8bbc-4b13-8c6d-2709a1dd0356	Network Tap	Access intelligence network for information or positional advantage.	utility_card	1	1		{"apCost":"1","playLimitPerTurn":"1","isCard":"true","isBasicAttack":"false","aiTag":""}	
3771d972-4cef-42c1-b76e-4e91e6c45e00	Precision Blade	Precision strike informed by accumulated intelligence on this target.	combat_card	1	1		{"apCost":"1","playLimitPerTurn":"1","isCard":"true","isBasicAttack":"false","aiTag":""}	
787b4b1e-1add-4b3c-90db-887210995ff3	Contact Activation	Activate prepared contact for immediate tactical advantage.	utility_card	1	1		{"apCost":"2","playLimitPerTurn":"1","isCard":"true","isBasicAttack":"false","aiTag":""}	
456ad100-fdf2-46e8-a38f-0e8b7aeb5d5a	Intelligence Leverage	Convert accumulated intelligence into combat advantage against target.	control_card	1	1		{"apCost":"2","playLimitPerTurn":"1","isCard":"true","isBasicAttack":"false","aiTag":""}	
70272ae3-f67e-4867-a05a-757d54ba974c	Deep Network	Access deeper network resources; increased intelligence and contact quality.	utility_card	1	1		{"apCost":"2","playLimitPerTurn":"1","isCard":"true","isBasicAttack":"false","aiTag":""}	
20b80d6c-b504-470e-a4b9-01089b4fab25	The Web Tightens	Signature: all accumulated intelligence and contacts activate simultaneously.	power_card	1	1		{"apCost":"3","playLimitPerTurn":"1","isCard":"true","isBasicAttack":"false","aiTag":""}	
70b5e1e5-6c5e-4176-8b67-fffaf38143f1	The Invisible Hand	Capstone: absolute intelligence dominance; the Daimyo moves all pieces without being seen.	capstone_card	1	1		{"apCost":"3","playLimitPerTurn":"1","isCard":"true","isBasicAttack":"false","aiTag":""}	
12812014-7a9d-4a42-b9bd-caf95fc15716	Basic Attack (Voice of Debt)	Free obligation-weighted strike. Once per turn.	combat_card	1	1		{"apCost":"0","playLimitPerTurn":"1","isCard":"true","isBasicAttack":"true","aiTag":""}	
90189ccb-1dcb-49ce-92e2-0918e6c04647	Oath Read	Know obligations within 30 feet; learn HP tier and status of one target; apply Debt 2.	utility_card	1	1		{"apCost":"1","playLimitPerTurn":"1","isCard":"true","isBasicAttack":"false","aiTag":""}	
b2bb791b-a80e-4f0b-b8b3-41b22bf9cfaf	Weight of Obligation	Deal 5 + VEIL damage; apply Debt 2; deal +VEIL bonus if target carries Debt.	control_card	1	1		{"apCost":"1","playLimitPerTurn":"1","isCard":"true","isBasicAttack":"false","aiTag":""}	
5280871e-698f-4c2c-942d-16f984906299	Ledger Entry	Apply Debt 3 to one target within 40 feet; costs 0 AP if you played Social or Signal card this turn.	utility_card	1	1		{"apCost":"1","playLimitPerTurn":"1","isCard":"true","isBasicAttack":"false","aiTag":""}	
9d421f02-bbc7-4c2e-873d-a91ff0bd5d54	Oath-Breaker's Weight	Deal 4 + VEIL damage to target with 1+ Debt; apply Stagger; apply Debt 2 more.	control_card	1	1		{"apCost":"1","playLimitPerTurn":"1","isCard":"true","isBasicAttack":"false","aiTag":""}	
b6b9f1d2-c992-436a-a266-d96b4c6d30d9	Compound Interest	Deal 8 + VEIL damage; apply Debt 3. If target reaches 4+ Debt also apply Expose 2.	control_card	1	1		{"apCost":"2","playLimitPerTurn":"1","isCard":"true","isBasicAttack":"false","aiTag":""}	
290fa730-cac1-4d43-bf74-f701ccbb3ace	First Detonation	Target with Debt stacks: deal 6 + VEIL plus 3 per Debt stack damage; remove all Debt; apply Stagger.	control_card	1	1		{"apCost":"2","playLimitPerTurn":"1","isCard":"true","isBasicAttack":"false","aiTag":""}	
4c17724b-7bf0-4f4d-8e87-9c60ab52e3b0	Full Detonation	Target with Debt: deal 10 + VEIL plus 5 per Debt stack; remove all Debt; apply Expose 4 and Vulnerable 3.	power_card	1	1		{"apCost":"3","playLimitPerTurn":"1","isCard":"true","isBasicAttack":"false","aiTag":""}	
16bb3a66-b1b0-44b5-8103-588d5912edc5	Chain Detonation	Primary target: 12 + VEIL plus 5 per stack; remove Debt. Others within 20 feet: 6 + VEIL plus 2 per their own Debt.	power_card	1	1		{"apCost":"3","playLimitPerTurn":"1","isCard":"true","isBasicAttack":"false","aiTag":""}	
f5b9e493-0af9-4e1b-80c7-01f536bcaf89	The Debt of All Things	Capstone: apply Debt 5 to all without Debt; then Detonate all: 14 + VEIL plus 6 per stack; Expose 6 + Vulnerable 5.	capstone_card	1	1		{"apCost":"3","playLimitPerTurn":"1","isCard":"true","isBasicAttack":"false","aiTag":""}	
15b6b780-b657-42e6-bd21-4698838dc5be	Basic Attack (Merchant Knife)	Free trade-weighted strike. Once per turn.	combat_card	1	1		{"apCost":"0","playLimitPerTurn":"1","isCard":"true","isBasicAttack":"true","aiTag":""}	
3d022f9b-404b-4359-92e2-0f51a6f86f05	Market Read	Assess economic and tactical position of target; gain intelligence advantage.	utility_card	1	1		{"apCost":"1","playLimitPerTurn":"1","isCard":"true","isBasicAttack":"false","aiTag":""}	
78093829-89ed-4ae5-9dbf-6e2cad596b35	Leverage Play	Apply economic or social leverage to restrict target's options.	control_card	1	1		{"apCost":"1","playLimitPerTurn":"1","isCard":"true","isBasicAttack":"false","aiTag":""}	
a4349ca7-3ff5-4983-8a62-eb8ac702ec4a	Supply Cut	Cut target's access to resources or support; apply escalating debuff.	control_card	1	1		{"apCost":"2","playLimitPerTurn":"1","isCard":"true","isBasicAttack":"false","aiTag":""}	
1ab720b8-f320-4d15-898b-36fe86a64c9b	Gilded Blade	Strike enhanced by economic intelligence; damage scales with advantage accumulated.	combat_card	1	1		{"apCost":"2","playLimitPerTurn":"1","isCard":"true","isBasicAttack":"false","aiTag":""}	
caaa6570-76cd-4c88-af8f-6e80ccc872ed	Network Play	Activate trade or intelligence network for significant tactical advantage.	utility_card	1	1		{"apCost":"2","playLimitPerTurn":"1","isCard":"true","isBasicAttack":"false","aiTag":""}	
8b23019e-0eb1-4787-9bd5-04fe56fcf6d5	The Contract	Signature: establish binding economic contract with absolute terms.	power_card	1	1		{"apCost":"3","playLimitPerTurn":"1","isCard":"true","isBasicAttack":"false","aiTag":""}	
9a504581-e455-447a-a1a5-85a1abda57c4	The Invisible Hand	Capstone: the merchant moves all markets and combats without apparent presence.	capstone_card	1	1		{"apCost":"3","playLimitPerTurn":"1","isCard":"true","isBasicAttack":"false","aiTag":""}	
08202f58-0d13-4253-b402-9ec7e7c0ad78	Basic Attack (Iron Herald)	Free herald-authority strike. Once per turn.	combat_card	1	1		{"apCost":"0","playLimitPerTurn":"1","isCard":"true","isBasicAttack":"true","aiTag":""}	
8db0294e-48bc-48b7-8a35-bcf1de0d2680	Establish Command Zone	Establish Command Zone centered on self; enables zone-synergy abilities.	utility_card	1	1		{"apCost":"1","playLimitPerTurn":"1","isCard":"true","isBasicAttack":"false","aiTag":""}	
d55ae716-6be2-406c-b6db-1bdb6e01b9bf	Priority Mark	Designate Priority Target; allies gain bonuses against marked target.	control_card	1	1		{"apCost":"1","playLimitPerTurn":"1","isCard":"true","isBasicAttack":"false","aiTag":""}	
e4410666-c389-4cd7-8157-0ddd0337f316	Rally Call	Inspire nearby allies; apply minor buff to all within Command Zone.	utility_card	1	1		{"apCost":"1","playLimitPerTurn":"1","isCard":"true","isBasicAttack":"false","aiTag":""}	
cb2e362c-84bd-4131-913e-5fbd8181f9e7	Coordinated Strike	Strike in conjunction with ally; damage amplified by coordination.	combat_card	1	1		{"apCost":"2","playLimitPerTurn":"1","isCard":"true","isBasicAttack":"false","aiTag":""}	
a903024f-2715-469a-900e-73a1b640c494	Command Pulse	Pulse Command Zone authority outward; apply debuff to all enemies in zone.	control_card	1	1		{"apCost":"2","playLimitPerTurn":"1","isCard":"true","isBasicAttack":"false","aiTag":""}	
4859f58f-9c51-4c7a-97b7-3387c8f7850c	Zone Dominance	Signature: Command Zone achieves absolute tactical dominance.	power_card	1	1		{"apCost":"3","playLimitPerTurn":"1","isCard":"true","isBasicAttack":"false","aiTag":""}	
f0c2f06b-f7d8-496a-ac67-965f73c5852e	The Banner Falls	Capstone: the herald's authority is absolute; none in range can deny the command.	capstone_card	1	1		{"apCost":"3","playLimitPerTurn":"1","isCard":"true","isBasicAttack":"false","aiTag":""}	
217ceab7-c409-4e47-bb79-1e2dcb9f5d2d	Basic Attack (Curse Eater)	Free Loaded-state strike. Once per turn.	combat_card	1	1		{"apCost":"0","playLimitPerTurn":"1","isCard":"true","isBasicAttack":"true","aiTag":""}	
f3e04c1b-0d0c-4b32-96af-caf967afd0a6	Absorb	Absorb one debuff from ally; gain Loaded stack; ally is cleansed.	utility_card	1	1		{"apCost":"1","playLimitPerTurn":"1","isCard":"true","isBasicAttack":"false","aiTag":""}	
b44f85de-f90d-4e6b-98e8-aad8ab5ac3f6	Loaded Strike	Strike powered by Loaded stacks; damage scales with current Loaded count.	combat_card	1	1		{"apCost":"1","playLimitPerTurn":"1","isCard":"true","isBasicAttack":"false","aiTag":""}	
19aef160-3157-4d46-bf78-2c1a28c45dc3	Purge Burst	Release Loaded stacks as purifying burst; cleanse multiple targets.	utility_card	1	1		{"apCost":"1","playLimitPerTurn":"1","isCard":"true","isBasicAttack":"false","aiTag":""}	
75fda3e4-3fcf-4640-a184-4a9b178ddb2d	Corruption Pulse	Release Corruption Points as damaging pulse; area control through accumulated corruption.	control_card	1	1		{"apCost":"2","playLimitPerTurn":"1","isCard":"true","isBasicAttack":"false","aiTag":""}	
a30167c7-a6c8-4744-bc65-95813b642dce	Loaded Fortress	Convert Loaded stacks into significant defensive barrier.	defense_card	1	1		{"apCost":"2","playLimitPerTurn":"1","isCard":"true","isBasicAttack":"false","aiTag":""}	
9551c22a-fe95-483c-aec5-0d085a9a9566	The Consumed Form	Signature: embrace full corruption; Consumed subclass peak state.	power_card	1	1		{"apCost":"3","playLimitPerTurn":"1","isCard":"true","isBasicAttack":"false","aiTag":""}	
d7aa2670-1b01-4ef5-ada4-9c1466e3f99d	Absolute Purge	Capstone: absolute purification or absolute corruption; the eater completes their arc.	capstone_card	1	1		{"apCost":"3","playLimitPerTurn":"1","isCard":"true","isBasicAttack":"false","aiTag":""}	
ab6076ed-33f9-4bee-8346-59f8be3fcea6	Basic Attack (Shell Dancer)	Free evasion-state strike. Once per turn.	combat_card	1	1		{"apCost":"0","playLimitPerTurn":"1","isCard":"true","isBasicAttack":"true","aiTag":""}	
78f3301f-1b67-492b-ba53-78139c77fec7	Controlled Discharge	Convert Cascade into offensive output; damage scales with Cascade count.	combat_card	1	1		{"apCost":"1","playLimitPerTurn":"1","isCard":"true","isBasicAttack":"false","aiTag":""}	
2a39dbbb-f1c5-43fc-b56f-dfba9f7d536e	Enter Shell Step	Enter Shell Step evasion state; become difficult to target.	utility_card	1	1		{"apCost":"1","playLimitPerTurn":"1","isCard":"true","isBasicAttack":"false","aiTag":""}	
7f0ae25a-fe34-433c-abb8-071a761db587	Cascade Strike	Strike that generates Cascade from damage; hit harder as you're hit harder.	combat_card	1	1		{"apCost":"1","playLimitPerTurn":"1","isCard":"true","isBasicAttack":"false","aiTag":""}	
29a77eda-31d4-4359-8af5-735d84f50ea0	Evasion Cut	Strike executed from Shell Step; high damage enabled by evasion state.	combat_card	1	1		{"apCost":"2","playLimitPerTurn":"1","isCard":"true","isBasicAttack":"false","aiTag":""}	
658711cc-2ab5-464f-997d-7343fddff093	Cascade Burst	Release all Cascade as concentrated burst; massive damage potential.	power_card	1	1		{"apCost":"2","playLimitPerTurn":"1","isCard":"true","isBasicAttack":"false","aiTag":""}	
bcc0e884-052f-48c4-b4cf-da16b7a3799b	Shell Step Strike	Signature: deliver a strike from absolute Shell Step depth; near-unavoidable.	combat_card	1	1		{"apCost":"3","playLimitPerTurn":"1","isCard":"true","isBasicAttack":"false","aiTag":""}	
cfa4506b-6e73-41f5-802c-df9a821d307b	The Broken Perfection	Capstone: the dancer becomes perfectly broken; damage and evasion fuse into one.	capstone_card	1	1		{"apCost":"3","playLimitPerTurn":"1","isCard":"true","isBasicAttack":"false","aiTag":""}	
a6345f20-dbe4-4602-939e-44ba3e6c954f	Basic Attack (Fracture Knight)	Free between-state strike. Once per turn.	combat_card	1	1		{"apCost":"0","playLimitPerTurn":"1","isCard":"true","isBasicAttack":"true","aiTag":""}	
daf27d45-26c6-4e8f-a327-9290a0752755	Between Strike	Strike partially from Between; ignores some physical defenses.	combat_card	1	1		{"apCost":"1","playLimitPerTurn":"1","isCard":"true","isBasicAttack":"false","aiTag":""}	
6982da3b-97b5-4979-a016-251126fb8f83	Phantom Charge	Spend Phantom Charges to perform extraordinary movement.	mobility_card	1	1		{"apCost":"1","playLimitPerTurn":"1","isCard":"true","isBasicAttack":"false","aiTag":""}	
a53c95f8-1145-4873-851d-9265cd30d1f6	Apply Fracture	Apply Fracture stacks to target; accumulates damage scaling.	control_card	1	1		{"apCost":"1","playLimitPerTurn":"1","isCard":"true","isBasicAttack":"false","aiTag":""}	
48ec9b6b-db15-4d17-842b-c5a3c1aafe00	Phantom Strike	Strike using Phantom Charge power; damage scales with charge spent.	combat_card	1	1		{"apCost":"2","playLimitPerTurn":"1","isCard":"true","isBasicAttack":"false","aiTag":""}	
8edd9d15-5f2d-4e3c-ac71-42428ab2700a	Between Burst	Detonate Fracture stacks for massive burst damage.	combat_card	1	1		{"apCost":"2","playLimitPerTurn":"1","isCard":"true","isBasicAttack":"false","aiTag":""}	
e2919369-f878-41a8-b941-d37ea2f8c1ee	Phantom Army	Signature: summon all accumulated Between phantoms as overwhelming force.	power_card	1	1		{"apCost":"3","playLimitPerTurn":"1","isCard":"true","isBasicAttack":"false","aiTag":""}	
92340448-f72e-4225-80d8-a6791e9f5930	Between: The Final Blow	Capstone: a strike from the deepest Between; the enemy cannot exist in the same space.	capstone_card	1	1		{"apCost":"3","playLimitPerTurn":"1","isCard":"true","isBasicAttack":"false","aiTag":""}	
77ba1903-52df-4b38-b3b5-55fdc2f00e80	Card 1 (Unnamed)	Player-defined card unlocked by personal condition. Mechanics defined at unlock.	unnamed_card	1	1		{"apCost":"1","playLimitPerTurn":"1","isCard":"true","isBasicAttack":"false","aiTag":""}	
60590da6-96ad-46e9-8a6b-a2bcff8dcbe0	Card 2 (Unnamed)	Player-defined card unlocked by personal condition. Mechanics defined at unlock.	unnamed_card	1	1		{"apCost":"1","playLimitPerTurn":"1","isCard":"true","isBasicAttack":"false","aiTag":""}	
fef54085-f236-4632-9db6-f7194b488e94	Card 3 (Unnamed)	Player-defined card unlocked by personal condition. Mechanics defined at unlock.	unnamed_card	1	1		{"apCost":"1","playLimitPerTurn":"1","isCard":"true","isBasicAttack":"false","aiTag":""}	
fcd23559-e63e-4cd2-9b60-81a501fead53	Card 4 (Unnamed)	Player-defined card unlocked by personal condition. Mechanics defined at unlock.	unnamed_card	1	1		{"apCost":"2","playLimitPerTurn":"1","isCard":"true","isBasicAttack":"false","aiTag":""}	
e49dea21-4da8-4d1e-bf67-5946fe2d3d55	Card 5 (Unnamed)	Player-defined card unlocked by personal condition. Mechanics defined at unlock.	unnamed_card	1	1		{"apCost":"2","playLimitPerTurn":"1","isCard":"true","isBasicAttack":"false","aiTag":""}	
ca509a02-15ed-40c6-b261-075476de1efb	Card 6 (Unnamed)	Player-defined card unlocked by personal condition. Mechanics defined at unlock.	unnamed_card	1	1		{"apCost":"2","playLimitPerTurn":"1","isCard":"true","isBasicAttack":"false","aiTag":""}	
a490f378-e154-4707-86e8-7409b35488cb	Card 7 (Unnamed)	Player-defined card unlocked by personal condition. Mechanics defined at unlock.	unnamed_card	1	1		{"apCost":"2","playLimitPerTurn":"1","isCard":"true","isBasicAttack":"false","aiTag":""}	
718c5af9-bf13-4bb4-a8a3-f8999c362c8c	Card 8 (Unnamed)	Player-defined card unlocked by personal condition. Mechanics defined at unlock.	unnamed_card	1	1		{"apCost":"2","playLimitPerTurn":"1","isCard":"true","isBasicAttack":"false","aiTag":""}	
a5bf0602-aefc-4e73-94f8-ae2e8d6297bc	Card 9 (Unnamed)	Player-defined card unlocked by personal condition. Mechanics defined at unlock.	unnamed_card	1	1		{"apCost":"2","playLimitPerTurn":"1","isCard":"true","isBasicAttack":"false","aiTag":""}	
836ad3b9-f940-4516-9b1f-069a4bcbd3e7	Card 10 (Unnamed)	Player-defined card unlocked by personal condition. Mechanics defined at unlock.	unnamed_card	1	1		{"apCost":"2","playLimitPerTurn":"1","isCard":"true","isBasicAttack":"false","aiTag":""}	
e02133cb-2f96-48a6-86db-17c7962b47bd	Card 11 (Unnamed)	Player-defined card unlocked by personal condition. Mechanics defined at unlock.	unnamed_card	1	1		{"apCost":"3","playLimitPerTurn":"1","isCard":"true","isBasicAttack":"false","aiTag":""}	
d226d259-1bbd-4248-b5f6-9c7004802cee	Card 12 (Unnamed)	Player-defined card unlocked by personal condition. Mechanics defined at unlock.	unnamed_card	1	1		{"apCost":"3","playLimitPerTurn":"1","isCard":"true","isBasicAttack":"false","aiTag":""}	
4c2cfa0b-fcca-4189-8543-ca7013573274	Card 13 (Unnamed)	Player-defined card unlocked by personal condition. Mechanics defined at unlock.	unnamed_card	1	1		{"apCost":"3","playLimitPerTurn":"1","isCard":"true","isBasicAttack":"false","aiTag":""}	
176d4828-a594-4a7b-baf7-8d9b8a43b0cd	Card 14 (Unnamed)	Player-defined card unlocked by personal condition. Mechanics defined at unlock.	unnamed_card	1	1		{"apCost":"3","playLimitPerTurn":"1","isCard":"true","isBasicAttack":"false","aiTag":""}	
9ea9214a-97e3-4641-823f-60e482f19fbe	Unmarked Strike	Free once-per-turn basic attack scaling with Active Stat. Deals 4 + Active Stat damage. Before any cards are named, this is all The Unnamed can reliably do.	combat_card	1	1		{"apCost":"0","playLimitPerTurn":"1","isCard":"true","isBasicAttack":"true","aiTag":""}	
7715f965-b7ba-4ab9-9cee-1c8c9bf17765	Card 15 - Capstone (Unnamed)	Player-written capstone card defined entirely at Level 20.	capstone_card	1	1		{"apCost":"3","playLimitPerTurn":"1","isCard":"true","isBasicAttack":"false","aiTag":""}	