id	title	description	category	inventoryHeight	inventoryWidth	image	customProperties
act_core_basic_attack_card	Basic Attack	Free basic attack card. Can be played once per turn.	combat_card				"{""apCost"":""0"",""playLimitPerTurn"":""1"",""isCard"":""true"",""isBasicAttack"":""true"",""aiTag"":""""}"
act_core_end_turn	End Turn	Ends active combatant turn and advances turn flow.	combat_core				"{""apCost"":""0"",""playLimitPerTurn"":""1"",""isCard"":""false"",""isBasicAttack"":""false"",""aiTag"":""""}"
act_forged_maintenance_check	Maintenance Check	On long rest, verify maintenance tools or assistance; otherwise apply degradation effect.	rest				"{""apCost"":""0"",""playLimitPerTurn"":""1"",""isCard"":""false"",""isBasicAttack"":""false"",""aiTag"":""""}"
act_forged_replace_augmentation	Replace Augmentation	At level 10, replace one prior augmentation with another list option.	level_up				"{""apCost"":""0"",""playLimitPerTurn"":""1"",""isCard"":""false"",""isBasicAttack"":""false"",""aiTag"":""""}"
act_forged_resilience_trigger	Forged Resilience Trigger	When reduced to 0 HP but not killed outright, drop to 1 HP if not used this rest.	reaction				"{""apCost"":""0"",""playLimitPerTurn"":""1"",""isCard"":""false"",""isBasicAttack"":""false"",""aiTag"":""""}"
act_forged_select_aug_slot_1	Select Augmentation Slot 1	Choose one augmentation at level 1.	character_creation				"{""apCost"":""0"",""playLimitPerTurn"":""1"",""isCard"":""false"",""isBasicAttack"":""false"",""aiTag"":""""}"
act_forged_select_aug_slot_2	Select Augmentation Slot 2	At level 5, choose a second augmentation from list.	level_up				"{""apCost"":""0"",""playLimitPerTurn"":""1"",""isCard"":""false"",""isBasicAttack"":""false"",""aiTag"":""""}"
act_forged_select_heritage	Select Forged Heritage	Choose one heritage branch and apply linked profile and lore tag.	character_creation				"{""apCost"":""0"",""playLimitPerTurn"":""1"",""isCard"":""false"",""isBasicAttack"":""false"",""aiTag"":""""}"
act_forged_select_integrated_resistance	Select Integrated Resistance	Choose bludgeoning, slashing, or piercing resistance source from chassis configuration.	character_creation				"{""apCost"":""0"",""playLimitPerTurn"":""1"",""isCard"":""false"",""isBasicAttack"":""false"",""aiTag"":""""}"
act_ironclad_apply_resonance_fracture	Apply Resonance Fracture	Apply disadvantage state until atonement and meditation are completed.	state_change				"{""apCost"":""0"",""playLimitPerTurn"":""1"",""isCard"":""false"",""isBasicAttack"":""false"",""aiTag"":""""}"
act_ironclad_between_awareness	Between Awareness	Cannot be surprised while conscious; advantage on initiative.	passive				"{""apCost"":""0"",""playLimitPerTurn"":""1"",""isCard"":""false"",""isBasicAttack"":""false"",""aiTag"":""""}"
act_ironclad_between_mastery	Between Mastery	Dodge as bonus action and surge upgrades.	passive				"{""apCost"":""0"",""playLimitPerTurn"":""1"",""isCard"":""false"",""isBasicAttack"":""false"",""aiTag"":""""}"
act_ironclad_between_stance	Between Stance	Attack action rider: avoid opportunity attacks and impose disadvantage on first attack against you.	combat_bonus_action				"{""apCost"":""0"",""playLimitPerTurn"":""1"",""isCard"":""false"",""isBasicAttack"":""false"",""aiTag"":""""}"
act_ironclad_blade_sworn	Blade-Sworn	Weapon return, anti-disarm, incorporeal strike support.	passive_weapon				"{""apCost"":""0"",""playLimitPerTurn"":""1"",""isCard"":""false"",""isBasicAttack"":""false"",""aiTag"":""""}"
act_ironclad_burden_strike	Burden Strike	Impose disadvantage on attack against nearby ally.	reaction				"{""apCost"":""0"",""playLimitPerTurn"":""1"",""isCard"":""false"",""isBasicAttack"":""false"",""aiTag"":""""}"
act_ironclad_code_sworn_precision	Code-Sworn Precision	Once per turn, treat low attack roll as 10.	passive				"{""apCost"":""0"",""playLimitPerTurn"":""1"",""isCard"":""false"",""isBasicAttack"":""false"",""aiTag"":""""}"
act_ironclad_echomind_clarity	Echomind Clarity	Advantage on Wisdom saves; immune to forced oath-breaking control.	passive				"{""apCost"":""0"",""playLimitPerTurn"":""1"",""isCard"":""false"",""isBasicAttack"":""false"",""aiTag"":""""}"
act_ironclad_enhancement_integration	Enhancement Integration	Integrated weapons count magical and detect enhancement tampering.	passive				"{""apCost"":""0"",""playLimitPerTurn"":""1"",""isCard"":""false"",""isBasicAttack"":""false"",""aiTag"":""""}"
act_ironclad_iron_breath	Iron Breath	Suppress enhancement signature for one minute; once per short rest.	utility_bonus_action				"{""apCost"":""0"",""playLimitPerTurn"":""1"",""isCard"":""false"",""isBasicAttack"":""false"",""aiTag"":""""}"
act_ironclad_iron_endurance	Iron Endurance	Choose physical resistance and once per long rest drop-to-1 effect.	passive_reaction				"{""apCost"":""0"",""playLimitPerTurn"":""1"",""isCard"":""false"",""isBasicAttack"":""false"",""aiTag"":""""}"
act_ironclad_iron_witness	Iron Witness	Gain temporary HP when nearby creature drops to 0 HP.	passive_combat				"{""apCost"":""0"",""playLimitPerTurn"":""1"",""isCard"":""false"",""isBasicAttack"":""false"",""aiTag"":""""}"
act_ironclad_perfect_kata	Perfect Kata	High-impact burst attack sequence.	combat				"{""apCost"":""0"",""playLimitPerTurn"":""1"",""isCard"":""false"",""isBasicAttack"":""false"",""aiTag"":""""}"
act_ironclad_resonant_armor	Resonant Armor	Unarmored AC formula and reaction damage reduction.	passive_reaction				"{""apCost"":""0"",""playLimitPerTurn"":""1"",""isCard"":""false"",""isBasicAttack"":""false"",""aiTag"":""""}"
act_ironclad_resonant_strike	Resonant Strike	Once per turn, add Wisdom modifier to qualified melee hit damage.	passive_combat				"{""apCost"":""0"",""playLimitPerTurn"":""1"",""isCard"":""false"",""isBasicAttack"":""false"",""aiTag"":""""}"
act_ironclad_resonant_surge	Resonant Surge	Power state with speed and damage bonuses.	combat_bonus_action				"{""apCost"":""0"",""playLimitPerTurn"":""1"",""isCard"":""false"",""isBasicAttack"":""false"",""aiTag"":""""}"
act_ironclad_select_vein_oath	Select Vein Oath	Choose core oath anchor.	character_creation				"{""apCost"":""0"",""playLimitPerTurn"":""1"",""isCard"":""false"",""isBasicAttack"":""false"",""aiTag"":""""}"
act_ironclad_seventh_vein	The Seventh Vein	Capstone package with surge and death-action effects.	capstone				"{""apCost"":""0"",""playLimitPerTurn"":""1"",""isCard"":""false"",""isBasicAttack"":""false"",""aiTag"":""""}"
act_ironclad_steel_resolve	Steel Resolve	Immune frightened; reroll vs charm or compulsion on failure.	passive				"{""apCost"":""0"",""playLimitPerTurn"":""1"",""isCard"":""false"",""isBasicAttack"":""false"",""aiTag"":""""}"
act_ironclad_stillness_kata	Stillness Kata	If you do not move, gain attack advantage this turn.	combat				"{""apCost"":""0"",""playLimitPerTurn"":""1"",""isCard"":""false"",""isBasicAttack"":""false"",""aiTag"":""""}"
act_path_debt_debt_becomes_blade	The Debt Becomes the Blade	High-damage debt finisher.	subclass_undying_debt				"{""apCost"":""0"",""playLimitPerTurn"":""1"",""isCard"":""false"",""isBasicAttack"":""false"",""aiTag"":""""}"
act_path_debt_debts_memory	Debt's Memory	Mark debt targets and gain bonuses.	subclass_undying_debt				"{""apCost"":""0"",""playLimitPerTurn"":""1"",""isCard"":""false"",""isBasicAttack"":""false"",""aiTag"":""""}"
act_path_debt_hollow_memory	Hollow Memory	Meditative memory-construction consultation.	subclass_undying_debt				"{""apCost"":""0"",""playLimitPerTurn"":""1"",""isCard"":""false"",""isBasicAttack"":""false"",""aiTag"":""""}"
act_path_debt_unfinished_business	Unfinished Business	Temporary death-defiance state.	subclass_undying_debt				"{""apCost"":""0"",""playLimitPerTurn"":""1"",""isCard"":""false"",""isBasicAttack"":""false"",""aiTag"":""""}"
act_path_flesh_perfect_instrument	Perfect Instrument	Max HP and save profile upgrades.	subclass_flesh_temple				"{""apCost"":""0"",""playLimitPerTurn"":""1"",""isCard"":""false"",""isBasicAttack"":""false"",""aiTag"":""""}"
act_path_flesh_spiritual_violence	Spiritual Violence	Bonus damage and sustain on takedown.	subclass_flesh_temple				"{""apCost"":""0"",""playLimitPerTurn"":""1"",""isCard"":""false"",""isBasicAttack"":""false"",""aiTag"":""""}"
act_path_flesh_temple_burns	The Temple Burns	Overdrive state with backlash.	subclass_flesh_temple				"{""apCost"":""0"",""playLimitPerTurn"":""1"",""isCard"":""false"",""isBasicAttack"":""false"",""aiTag"":""""}"
act_path_flesh_temple_form	Temple Form	Choose Water, Fire, or Iron form.	subclass_flesh_temple				"{""apCost"":""0"",""playLimitPerTurn"":""1"",""isCard"":""false"",""isBasicAttack"":""false"",""aiTag"":""""}"
act_path_iron_lord_code_of_house	Code of the House	Anti-retreat resistance and ward protection extension.	subclass_iron_lord				"{""apCost"":""0"",""playLimitPerTurn"":""1"",""isCard"":""false"",""isBasicAttack"":""false"",""aiTag"":""""}"
act_path_iron_lord_iron_vanguard	Iron Vanguard	Reaction movement to interpose and become target instead of ward.	subclass_iron_lord				"{""apCost"":""0"",""playLimitPerTurn"":""1"",""isCard"":""false"",""isBasicAttack"":""false"",""aiTag"":""""}"
act_path_iron_lord_lords_resonance	Lord's Resonance	Social advantage and ward-linked bonus damage.	subclass_iron_lord				"{""apCost"":""0"",""playLimitPerTurn"":""1"",""isCard"":""false"",""isBasicAttack"":""false"",""aiTag"":""""}"
act_path_iron_lord_unbroken_fealty	Unbroken Fealty	Transfer HP to ward when they drop to 0 HP.	subclass_iron_lord				"{""apCost"":""0"",""playLimitPerTurn"":""1"",""isCard"":""false"",""isBasicAttack"":""false"",""aiTag"":""""}"
act_path_sutensai_between_consecration	Between Consecration	Consecrate area with anti-undead pressure and ally support.	subclass_sutensai_blade				"{""apCost"":""0"",""playLimitPerTurn"":""1"",""isCard"":""false"",""isBasicAttack"":""false"",""aiTag"":""""}"
act_path_sutensai_final_sutra	The Final Sutra	Soul-bind finishing effect.	subclass_sutensai_blade				"{""apCost"":""0"",""playLimitPerTurn"":""1"",""isCard"":""false"",""isBasicAttack"":""false"",""aiTag"":""""}"
act_path_sutensai_sutras_edge	Sutra's Edge	Iron Rite and anti-reanimation effects.	subclass_sutensai_blade				"{""apCost"":""0"",""playLimitPerTurn"":""1"",""isCard"":""false"",""isBasicAttack"":""false"",""aiTag"":""""}"
act_path_sutensai_theological_authority	Theological Authority	Religion expertise and once-per-long-rest pacification invocation.	subclass_sutensai_blade				"{""apCost"":""0"",""playLimitPerTurn"":""1"",""isCard"":""false"",""isBasicAttack"":""false"",""aiTag"":""""}"
card_ashfoot_basic_attack	Basic Attack (Ashfoot)	Free salvage-quality strike. Once per turn.	combat_card				"{""apCost"":""0"",""playLimitPerTurn"":""1"",""isCard"":""true"",""isBasicAttack"":""true"",""aiTag"":""""}"
card_ashfoot_bloody_end	Bloody End	Final push offensive strike when all resources are committed.	combat_card				"{""apCost"":""3"",""playLimitPerTurn"":""1"",""isCard"":""true"",""isBasicAttack"":""false"",""aiTag"":""""}"
card_ashfoot_eye_strike	Eye Strike	Precision strike targeting vulnerable points; applies debuff.	combat_card				"{""apCost"":""1"",""playLimitPerTurn"":""1"",""isCard"":""true"",""isBasicAttack"":""false"",""aiTag"":""""}"
card_ashfoot_fighting_dirty	Fighting Dirty	Exploit every advantage; unconventional attack approach.	combat_card				"{""apCost"":""1"",""playLimitPerTurn"":""1"",""isCard"":""true"",""isBasicAttack"":""false"",""aiTag"":""""}"
card_ashfoot_gut_check	Gut Check	Rally through pain to resist a debilitating effect.	defense_card				"{""apCost"":""1"",""playLimitPerTurn"":""1"",""isCard"":""true"",""isBasicAttack"":""false"",""aiTag"":""""}"
card_ashfoot_into_the_grinder	Into the Grinder	Aggressive advance through hostile terrain or enemy formation.	combat_card				"{""apCost"":""2"",""playLimitPerTurn"":""1"",""isCard"":""true"",""isBasicAttack"":""false"",""aiTag"":""""}"
card_ashfoot_nothing_to_lose	Nothing to Lose	Low-HP state empowers offensive output; desperation drive.	power_card				"{""apCost"":""2"",""playLimitPerTurn"":""1"",""isCard"":""true"",""isBasicAttack"":""false"",""aiTag"":""""}"
card_ashfoot_one_more_round	One More Round	Refuse to fall; stabilize at critical HP.	defense_card				"{""apCost"":""3"",""playLimitPerTurn"":""1"",""isCard"":""true"",""isBasicAttack"":""false"",""aiTag"":""""}"
card_ashfoot_pain_threshold	Pain Threshold	Operating well below full capacity; convert HP damage into resilience.	defense_card				"{""apCost"":""1"",""playLimitPerTurn"":""1"",""isCard"":""true"",""isBasicAttack"":""false"",""aiTag"":""""}"
card_ashfoot_salvage_strike	Salvage Strike	Effective attack using improvised or salvaged equipment.	combat_card				"{""apCost"":""1"",""playLimitPerTurn"":""1"",""isCard"":""true"",""isBasicAttack"":""false"",""aiTag"":""""}"
card_ashfoot_strike_and_fade	Strike and Fade	Hit and immediately reposition to safety.	mobility_card				"{""apCost"":""2"",""playLimitPerTurn"":""1"",""isCard"":""true"",""isBasicAttack"":""false"",""aiTag"":""""}"
card_ashfoot_unbreakable	Unbreakable	Maximum resilience state; near-impossible to put down.	defense_card				"{""apCost"":""3"",""playLimitPerTurn"":""1"",""isCard"":""true"",""isBasicAttack"":""false"",""aiTag"":""""}"
card_ashfoot_veterans_reflex	Veteran's Reflex	Combat-hardened instinctive reaction to incoming threat.	reaction_card				"{""apCost"":""1"",""playLimitPerTurn"":""1"",""isCard"":""true"",""isBasicAttack"":""false"",""aiTag"":""""}"
card_ashfoot_what_were_worth	What We're Worth	Capstone: prove the worth of the low-caste against all assumptions.	capstone_card				"{""apCost"":""3"",""playLimitPerTurn"":""1"",""isCard"":""true"",""isBasicAttack"":""false"",""aiTag"":""""}"
card_blood_smith_basic_attack	Basic Attack (Blood Smith)	Free resonant blood strike. Once per turn.	combat_card				"{""apCost"":""0"",""playLimitPerTurn"":""1"",""isCard"":""true"",""isBasicAttack"":""true"",""aiTag"":""""}"
card_blood_smith_blood_armor	Blood Armor	Apply Guard 7 + IRON; pay 5 HP. Melee attackers take 4 + RESONANCE resonant damage this round.	defense_card				"{""apCost"":""2"",""playLimitPerTurn"":""1"",""isCard"":""true"",""isBasicAttack"":""false"",""aiTag"":""""}"
card_blood_smith_blood_forge	Blood Forge	Deal 18 + IRON damage; pay 10 HP; apply Bleed 4, Expose 4, Vulnerable 3. If below half HP also Stagger.	power_card				"{""apCost"":""3"",""playLimitPerTurn"":""1"",""isCard"":""true"",""isBasicAttack"":""false"",""aiTag"":""""}"
card_blood_smith_blood_lash	Blood Lash	Deal 11 + IRON damage; pay 5 HP (unreducible); apply Bleed 3 and Expose 3.	combat_card				"{""apCost"":""2"",""playLimitPerTurn"":""1"",""isCard"":""true"",""isBasicAttack"":""false"",""aiTag"":""""}"
card_blood_smith_blood_spike	Blood Spike	Deal 7 + IRON damage; pay 4 HP. If below half HP apply Bleed 3 instead of Bleed 2.	combat_card				"{""apCost"":""1"",""playLimitPerTurn"":""1"",""isCard"":""true"",""isBasicAttack"":""false"",""aiTag"":""""}"
card_blood_smith_blood_weapon	Blood Weapon	Deal 6 + IRON damage; pay 4 HP. If below half HP deal +IRON bonus damage; apply Bleed 2.	combat_card				"{""apCost"":""1"",""playLimitPerTurn"":""1"",""isCard"":""true"",""isBasicAttack"":""false"",""aiTag"":""""}"
card_blood_smith_combat_forge	Combat Forge	Deal 12 + IRON damage; pay 6 HP; apply Bleed 3. Echo if below half HP.	combat_card				"{""apCost"":""2"",""playLimitPerTurn"":""1"",""isCard"":""true"",""isBasicAttack"":""false"",""aiTag"":""""}"
card_blood_smith_deliberate_bleed	Deliberate Bleed	Pay 6 HP instead of AP. Apply Guard 4 + IRON to self and gain Regen 2.	utility_card				"{""apCost"":""0"",""playLimitPerTurn"":""1"",""isCard"":""true"",""isBasicAttack"":""false"",""aiTag"":""""}"
card_blood_smith_forge_shell	Forge Shell	Apply Guard 5 + IRON; pay 3 HP. Melee attackers take 3 resonant damage.	defense_card				"{""apCost"":""1"",""playLimitPerTurn"":""1"",""isCard"":""true"",""isBasicAttack"":""false"",""aiTag"":""""}"
card_blood_smith_full_lattice	Full Lattice	Pay 14 HP (0 AP cost). Until next turn all cards cost 0 AP; melee attacks auto-apply Bleed 4 and Expose 4.	power_card				"{""apCost"":""3"",""playLimitPerTurn"":""1"",""isCard"":""true"",""isBasicAttack"":""false"",""aiTag"":""""}"
card_blood_smith_resonant_edge	Resonant Edge	Deal 10 + IRON damage; apply Bleed 2 and Expose 2; pay 5 HP.	combat_card				"{""apCost"":""2"",""playLimitPerTurn"":""1"",""isCard"":""true"",""isBasicAttack"":""false"",""aiTag"":""""}"
card_blood_smith_resonant_flood	Resonant Flood	Deal 20 + RESONANCE damage to all enemies within 15 feet; pay 12 HP; apply Bleed 3 and Expose 3 to each.	combat_card				"{""apCost"":""3"",""playLimitPerTurn"":""1"",""isCard"":""true"",""isBasicAttack"":""false"",""aiTag"":""""}"
card_blood_smith_the_bleeding_edge	The Bleeding Edge	Capstone: pay 20 HP; deal 28 + IRON damage to primary target and 14 + IRON to all enemies within 15 feet; restore 16 HP.	capstone_card				"{""apCost"":""3"",""playLimitPerTurn"":""1"",""isCard"":""true"",""isBasicAttack"":""false"",""aiTag"":""""}"
card_boss_execution_window	Execution Window	Heavy strike card used under threshold conditions.	boss_finisher_card				"{""apCost"":""3"",""playLimitPerTurn"":""1"",""isCard"":""true"",""isBasicAttack"":""false"",""aiTag"":""finisher""}"
card_boss_field_pressure	Field Pressure	Battlefield-wide pressure effect.	boss_card				"{""apCost"":""2"",""playLimitPerTurn"":""1"",""isCard"":""true"",""isBasicAttack"":""false"",""aiTag"":""control""}"
card_boss_phase_shift	Phase Shift	Transition behavior state between boss phases.	boss_card				"{""apCost"":""2"",""playLimitPerTurn"":""1"",""isCard"":""true"",""isBasicAttack"":""false"",""aiTag"":""control""}"
card_boss_reinforcement_call	Reinforcement Call	Summon allied units based on encounter script.	boss_summon_card				"{""apCost"":""2"",""playLimitPerTurn"":""1"",""isCard"":""true"",""isBasicAttack"":""false"",""aiTag"":""support""}"
card_chrome_shaper_armor_config	Armor Configuration	Reconfigure chassis for maximum damage mitigation.	defense_card				"{""apCost"":""1"",""playLimitPerTurn"":""1"",""isCard"":""true"",""isBasicAttack"":""false"",""aiTag"":""""}"
card_chrome_shaper_basic_attack	Basic Attack (Chrome Shaper)	Free reconfigured strike. Once per turn.	combat_card				"{""apCost"":""0"",""playLimitPerTurn"":""1"",""isCard"":""true"",""isBasicAttack"":""true"",""aiTag"":""""}"
card_chrome_shaper_circuit_spike	Circuit Spike	Enhancement-powered strike leveraging current configuration.	combat_card				"{""apCost"":""1"",""playLimitPerTurn"":""1"",""isCard"":""true"",""isBasicAttack"":""false"",""aiTag"":""""}"
card_chrome_shaper_forge_crash	Forge Crash	Catastrophic configuration crash targeting enhancement-dependent enemy.	control_card				"{""apCost"":""3"",""playLimitPerTurn"":""1"",""isCard"":""true"",""isBasicAttack"":""false"",""aiTag"":""""}"
card_chrome_shaper_hostile_reconfiguration	Hostile Reconfiguration	Force-reconfigure target's enhancements to malfunction or misdirect.	control_card				"{""apCost"":""2"",""playLimitPerTurn"":""1"",""isCard"":""true"",""isBasicAttack"":""false"",""aiTag"":""""}"
card_chrome_shaper_maximum_output	Maximum Output	All configurations simultaneously maximized; unsustainable peak state.	power_card				"{""apCost"":""3"",""playLimitPerTurn"":""1"",""isCard"":""true"",""isBasicAttack"":""false"",""aiTag"":""""}"
card_chrome_shaper_overclock_protocol	Overclock Protocol	Push enhancement systems beyond rated capacity for temporary boost.	power_card				"{""apCost"":""2"",""playLimitPerTurn"":""1"",""isCard"":""true"",""isBasicAttack"":""false"",""aiTag"":""""}"
card_chrome_shaper_resonant_amplifier	Resonant Amplifier	Amplify current configuration through resonant alignment.	power_card				"{""apCost"":""2"",""playLimitPerTurn"":""1"",""isCard"":""true"",""isBasicAttack"":""false"",""aiTag"":""""}"
card_chrome_shaper_resonant_architecture	Resonant Architecture	Signature: design and implement a resonant enhancement structure in combat.	power_card				"{""apCost"":""3"",""playLimitPerTurn"":""1"",""isCard"":""true"",""isBasicAttack"":""false"",""aiTag"":""""}"
card_chrome_shaper_speed_config	Speed Configuration	Reconfigure chassis for speed and mobility burst.	mobility_card				"{""apCost"":""1"",""playLimitPerTurn"":""1"",""isCard"":""true"",""isBasicAttack"":""false"",""aiTag"":""""}"
card_chrome_shaper_strength_config	Strength Configuration	Reconfigure chassis for strength and melee output.	combat_card				"{""apCost"":""1"",""playLimitPerTurn"":""1"",""isCard"":""true"",""isBasicAttack"":""false"",""aiTag"":""""}"
card_chrome_shaper_the_living_blueprint	The Living Blueprint	Capstone: become the living design; configurations are instantaneous and perfect.	capstone_card				"{""apCost"":""3"",""playLimitPerTurn"":""1"",""isCard"":""true"",""isBasicAttack"":""false"",""aiTag"":""""}"
card_chrome_shaper_total_reconfiguration	Total Reconfiguration	Completely rebuild configuration mid-combat; reset all tracking states.	utility_card				"{""apCost"":""3"",""playLimitPerTurn"":""1"",""isCard"":""true"",""isBasicAttack"":""false"",""aiTag"":""""}"
card_curse_eater_absolute_purge	Absolute Purge	Capstone: absolute purification or absolute corruption; the eater completes their arc.	capstone_card				"{""apCost"":""3"",""playLimitPerTurn"":""1"",""isCard"":""true"",""isBasicAttack"":""false"",""aiTag"":""""}"
card_curse_eater_absorb	Absorb	Absorb one debuff from ally; gain Loaded stack; ally is cleansed.	utility_card				"{""apCost"":""1"",""playLimitPerTurn"":""1"",""isCard"":""true"",""isBasicAttack"":""false"",""aiTag"":""""}"
card_curse_eater_basic_attack	Basic Attack (Curse Eater)	Free Loaded-state strike. Once per turn.	combat_card				"{""apCost"":""0"",""playLimitPerTurn"":""1"",""isCard"":""true"",""isBasicAttack"":""true"",""aiTag"":""""}"
card_curse_eater_corruption_pulse	Corruption Pulse	Release Corruption Points as damaging pulse; area control through accumulated corruption.	control_card				"{""apCost"":""2"",""playLimitPerTurn"":""1"",""isCard"":""true"",""isBasicAttack"":""false"",""aiTag"":""""}"
card_curse_eater_loaded_fortress	Loaded Fortress	Convert Loaded stacks into significant defensive barrier.	defense_card				"{""apCost"":""2"",""playLimitPerTurn"":""1"",""isCard"":""true"",""isBasicAttack"":""false"",""aiTag"":""""}"
card_curse_eater_loaded_strike	Loaded Strike	Strike powered by Loaded stacks; damage scales with current Loaded count.	combat_card				"{""apCost"":""1"",""playLimitPerTurn"":""1"",""isCard"":""true"",""isBasicAttack"":""false"",""aiTag"":""""}"
card_curse_eater_purge_burst	Purge Burst	Release Loaded stacks as purifying burst; cleanse multiple targets.	utility_card				"{""apCost"":""1"",""playLimitPerTurn"":""1"",""isCard"":""true"",""isBasicAttack"":""false"",""aiTag"":""""}"
card_curse_eater_the_consumed_form	The Consumed Form	Signature: embrace full corruption; Consumed subclass peak state.	power_card				"{""apCost"":""3"",""playLimitPerTurn"":""1"",""isCard"":""true"",""isBasicAttack"":""false"",""aiTag"":""""}"
card_debt_becomes_blade	The Debt Becomes the Blade	High-damage debt finisher card.	subclass_power_card				"{""apCost"":""3"",""playLimitPerTurn"":""1"",""isCard"":""true"",""isBasicAttack"":""false"",""aiTag"":""""}"
card_debt_debts_memory	Debt's Memory	Mark target and apply debt bonuses.	subclass_card				"{""apCost"":""1"",""playLimitPerTurn"":""1"",""isCard"":""true"",""isBasicAttack"":""false"",""aiTag"":""""}"
card_debt_unfinished_business	Unfinished Business	Death-defiance card state.	subclass_power_card				"{""apCost"":""2"",""playLimitPerTurn"":""1"",""isCard"":""true"",""isBasicAttack"":""false"",""aiTag"":""""}"
card_diminished_below_the_threshold	Below the Threshold	Until next turn start: next card cannot be Reacted to, damage cannot be reduced by Guard/Shield, status cannot be resisted. Once per enemy per combat.	utility_card				"{""apCost"":""1"",""playLimitPerTurn"":""1"",""isCard"":""true"",""isBasicAttack"":""false"",""aiTag"":""""}"
card_diminished_infrastructure_advantage	Infrastructure Advantage	In infrastructure location: target within 40 feet takes 4 + EDGE damage + Root + remove enhancement stat bonuses. No augmentations: 3 + VEIL + Expose 2.	control_card				"{""apCost"":""2"",""playLimitPerTurn"":""1"",""isCard"":""true"",""isBasicAttack"":""false"",""aiTag"":""""}"
card_echo_speaker_basic_attack	Basic Attack (Echo Speaker)	Free grief-resonance strike. Once per turn.	combat_card				"{""apCost"":""0"",""playLimitPerTurn"":""1"",""isCard"":""true"",""isBasicAttack"":""true"",""aiTag"":""""}"
card_echo_speaker_dead_voice	Dead Voice	Channel voice of the Iron Afterlife dead as damaging resonance.	combat_card				"{""apCost"":""1"",""playLimitPerTurn"":""1"",""isCard"":""true"",""isBasicAttack"":""false"",""aiTag"":""""}"
card_echo_speaker_echo_shield	Echo Shield	Interpose Afterlife echo as defensive barrier against attack.	reaction_card				"{""apCost"":""1"",""playLimitPerTurn"":""1"",""isCard"":""true"",""isBasicAttack"":""false"",""aiTag"":""""}"
card_echo_speaker_echo_storm	Echo Storm	Unleash accumulated echoes as chaotic resonant storm.	control_card				"{""apCost"":""3"",""playLimitPerTurn"":""1"",""isCard"":""true"",""isBasicAttack"":""false"",""aiTag"":""""}"
card_echo_speaker_grief_blade	Grief Blade	Focus grief stacks into a weaponized cutting resonance.	combat_card				"{""apCost"":""2"",""playLimitPerTurn"":""1"",""isCard"":""true"",""isBasicAttack"":""false"",""aiTag"":""""}"
card_echo_speaker_grief_cascade	Grief Cascade	Release all accumulated grief stacks as massive resonant detonation.	combat_card				"{""apCost"":""3"",""playLimitPerTurn"":""1"",""isCard"":""true"",""isBasicAttack"":""false"",""aiTag"":""""}"
card_echo_speaker_grief_weapon	Grief Weapon	Weaponize accumulated grief resonance for enhanced damage.	combat_card				"{""apCost"":""1"",""playLimitPerTurn"":""1"",""isCard"":""true"",""isBasicAttack"":""false"",""aiTag"":""""}"
card_echo_speaker_iron_afterlife_call	Iron Afterlife Call	Call upon Iron Afterlife entities for assistance or information.	utility_card				"{""apCost"":""2"",""playLimitPerTurn"":""1"",""isCard"":""true"",""isBasicAttack"":""false"",""aiTag"":""""}"
card_echo_speaker_spirit_ward	Spirit Ward	Establish ward of Iron Afterlife energy providing protection.	defense_card				"{""apCost"":""1"",""playLimitPerTurn"":""1"",""isCard"":""true"",""isBasicAttack"":""false"",""aiTag"":""""}"
card_echo_speaker_veil_apotheosis	Veil Apotheosis	Signature: stand at the absolute boundary of life and death simultaneously.	power_card				"{""apCost"":""3"",""playLimitPerTurn"":""1"",""isCard"":""true"",""isBasicAttack"":""false"",""aiTag"":""""}"
card_echo_speaker_veil_disruption	Veil Disruption	Disrupt the Veil between living and dead; destabilizes spiritual abilities.	control_card				"{""apCost"":""2"",""playLimitPerTurn"":""1"",""isCard"":""true"",""isBasicAttack"":""false"",""aiTag"":""""}"
card_echo_speaker_voice_of_both_worlds	Voice of Both Worlds	Capstone: speak for both the living and the dead simultaneously; absolute authority.	capstone_card				"{""apCost"":""3"",""playLimitPerTurn"":""1"",""isCard"":""true"",""isBasicAttack"":""false"",""aiTag"":""""}"
card_echoed_between_step	Between-Step	Move through solids/occupied spaces; reduce incoming damage by 4 + RESONANCE; must end in unoccupied space; suspend status expiration.	mobility_card				"{""apCost"":""2"",""playLimitPerTurn"":""1"",""isCard"":""true"",""isBasicAttack"":""false"",""aiTag"":""""}"
card_echoed_iron_afterlife_pulse	Iron Afterlife Pulse	10-foot radius: enemies take 5 + RESONANCE damage + Expose 2. Below half HP: 8 + RESONANCE + Expose 3. Cannot use at full HP.	resonant_card				"{""apCost"":""2"",""playLimitPerTurn"":""1"",""isCard"":""true"",""isBasicAttack"":""false"",""aiTag"":""""}"
card_flesh_shaper_accelerated_repair	Accelerated Repair	Restore 12 + SIGNAL HP to one ally; remove all Bleed stacks. If critical, also remove Stagger or Root.	utility_card				"{""apCost"":""2"",""playLimitPerTurn"":""1"",""isCard"":""true"",""isBasicAttack"":""false"",""aiTag"":""""}"
card_flesh_shaper_basic_attack	Basic Attack (Flesh Shaper)	Free organic strike. Once per turn.	combat_card				"{""apCost"":""0"",""playLimitPerTurn"":""1"",""isCard"":""true"",""isBasicAttack"":""true"",""aiTag"":""""}"
card_flesh_shaper_cellular_fortify	Cellular Fortify	Apply Guard 4 + SIGNAL to one ally within 10 feet; resist next Bleed/Burn.	defense_card				"{""apCost"":""1"",""playLimitPerTurn"":""1"",""isCard"":""true"",""isBasicAttack"":""false"",""aiTag"":""""}"
card_flesh_shaper_crisis_mend	Crisis Mend	Reaction: ally within 20 feet drops to critical. Restore 7 + SIGNAL HP immediately.	reaction_card				"{""apCost"":""1"",""playLimitPerTurn"":""1"",""isCard"":""true"",""isBasicAttack"":""false"",""aiTag"":""""}"
card_flesh_shaper_diagnostic_touch	Diagnostic Touch	Remove one debuff from ally; restore 4 + SIGNAL HP (8 + SIGNAL if critical HP).	utility_card				"{""apCost"":""1"",""playLimitPerTurn"":""1"",""isCard"":""true"",""isBasicAttack"":""false"",""aiTag"":""""}"
card_flesh_shaper_emergency_restore	Emergency Restore	Restore 18 + SIGNAL HP to one ally; remove all debuffs. If at 0 HP this turn, return with Regen 3.	utility_card				"{""apCost"":""3"",""playLimitPerTurn"":""1"",""isCard"":""true"",""isBasicAttack"":""false"",""aiTag"":""""}"
card_flesh_shaper_flesh_sense	Flesh Sense	Learn exact HP and all active debuffs of targets within 30 feet.	utility_card				"{""apCost"":""1"",""playLimitPerTurn"":""1"",""isCard"":""true"",""isBasicAttack"":""false"",""aiTag"":""""}"
card_flesh_shaper_flesh_surge	Flesh Surge	Restore 16 + SIGNAL HP to self; remove all debuffs; next melee Attack deals +IRON damage and applies Bleed 4.	power_card				"{""apCost"":""3"",""playLimitPerTurn"":""1"",""isCard"":""true"",""isBasicAttack"":""false"",""aiTag"":""""}"
card_flesh_shaper_mass_mend	Mass Mend	Restore 8 + SIGNAL HP to self and up to two allies within 10 feet; remove one Bleed from each.	utility_card				"{""apCost"":""2"",""playLimitPerTurn"":""1"",""isCard"":""true"",""isBasicAttack"":""false"",""aiTag"":""""}"
card_flesh_shaper_neural_override	Neural Override	Target organic creature within 10 feet; apply Stagger and Root; target cannot use melee Attack cards this turn; deal 6 + IRON damage.	control_card				"{""apCost"":""2"",""playLimitPerTurn"":""1"",""isCard"":""true"",""isBasicAttack"":""false"",""aiTag"":""""}"
card_flesh_shaper_organic_strike	Organic Strike	Deal 5 + IRON damage. If target has organic components, apply Bleed 2.	combat_card				"{""apCost"":""1"",""playLimitPerTurn"":""1"",""isCard"":""true"",""isBasicAttack"":""false"",""aiTag"":""""}"
card_flesh_shaper_pain_architecture	Pain Architecture	Deal 8 + IRON damage; apply Expose 3 and Stagger; treat FRAME as 2 lower.	control_card				"{""apCost"":""2"",""playLimitPerTurn"":""1"",""isCard"":""true"",""isBasicAttack"":""false"",""aiTag"":""""}"
card_flesh_shaper_rapid_reconstruction	Rapid Reconstruction	Restore 20 + SIGNAL HP; remove all debuffs; apply Regen 4 and Guard 6 + SIGNAL. If critical, ally plays one card free.	utility_card				"{""apCost"":""3"",""playLimitPerTurn"":""1"",""isCard"":""true"",""isBasicAttack"":""false"",""aiTag"":""""}"
card_flesh_shaper_seam_pull	Seam Pull	Deal 10 + IRON damage to organic target; reduce IRON by 2 until next turn; apply Bleed 3.	combat_card				"{""apCost"":""2"",""playLimitPerTurn"":""1"",""isCard"":""true"",""isBasicAttack"":""false"",""aiTag"":""""}"
card_flesh_shaper_the_body_complete	The Body Complete	Capstone: choose Restore (full HP + Regen 6 + Shield 14 to ally) or Unmake (28 + IRON damage + full debuff stack to enemy).	capstone_card				"{""apCost"":""3"",""playLimitPerTurn"":""1"",""isCard"":""true"",""isBasicAttack"":""false"",""aiTag"":""""}"
card_flesh_shaper_touch_mend	Touch Mend	Restore 6 + SIGNAL HP to one ally; remove one Bleed stack.	utility_card				"{""apCost"":""1"",""playLimitPerTurn"":""1"",""isCard"":""true"",""isBasicAttack"":""false"",""aiTag"":""""}"
card_flesh_spiritual_violence	Spiritual Violence	Damage plus sustain card.	subclass_card				"{""apCost"":""1"",""playLimitPerTurn"":""1"",""isCard"":""true"",""isBasicAttack"":""false"",""aiTag"":""""}"
card_flesh_temple_burns	The Temple Burns	Overdrive card with backlash resolution.	subclass_power_card				"{""apCost"":""3"",""playLimitPerTurn"":""1"",""isCard"":""true"",""isBasicAttack"":""false"",""aiTag"":""""}"
card_flesh_temple_form	Temple Form	Form selection or switch card.	subclass_card				"{""apCost"":""1"",""playLimitPerTurn"":""1"",""isCard"":""true"",""isBasicAttack"":""false"",""aiTag"":""""}"
card_forge_tender_basic_attack	Basic Attack (Forge Tender)	Free maintenance tool strike. Once per turn.	combat_card				"{""apCost"":""0"",""playLimitPerTurn"":""1"",""isCard"":""true"",""isBasicAttack"":""true"",""aiTag"":""""}"
card_forge_tender_combat_triage	Combat Triage	Rapid battlefield HP restoration across multiple allies.	utility_card				"{""apCost"":""2"",""playLimitPerTurn"":""1"",""isCard"":""true"",""isBasicAttack"":""false"",""aiTag"":""""}"
card_forge_tender_emergency_override	Emergency Override	Force-override failing enhancement to restore function temporarily.	control_card				"{""apCost"":""2"",""playLimitPerTurn"":""1"",""isCard"":""true"",""isBasicAttack"":""false"",""aiTag"":""""}"
card_forge_tender_enhancement_stabilization	Enhancement Stabilization	React to ally enhancement failure; prevent or reduce damage.	reaction_card				"{""apCost"":""1"",""playLimitPerTurn"":""1"",""isCard"":""true"",""isBasicAttack"":""false"",""aiTag"":""""}"
card_forge_tender_forge_mending	Forge Mending	Restore HP to ally using enhancement stabilization technique.	utility_card				"{""apCost"":""1"",""playLimitPerTurn"":""1"",""isCard"":""true"",""isBasicAttack"":""false"",""aiTag"":""""}"
card_forge_tender_forge_under_fire	Forge Under Fire	Perform emergency repair while under active combat pressure.	utility_card				"{""apCost"":""2"",""playLimitPerTurn"":""1"",""isCard"":""true"",""isBasicAttack"":""false"",""aiTag"":""""}"
card_forge_tender_fortify_ally	Fortify Ally	Apply Guard to ally through resonant reinforcement.	defense_card				"{""apCost"":""2"",""playLimitPerTurn"":""1"",""isCard"":""true"",""isBasicAttack"":""false"",""aiTag"":""""}"
card_forge_tender_keepers_wrath	Keeper's Wrath	Channel Resonance Keeper authority as damaging spiritual attack.	combat_card				"{""apCost"":""3"",""playLimitPerTurn"":""1"",""isCard"":""true"",""isBasicAttack"":""false"",""aiTag"":""""}"
card_forge_tender_overhaul	Overhaul	Full emergency repair restoring major HP and clearing all debuffs.	utility_card				"{""apCost"":""3"",""playLimitPerTurn"":""1"",""isCard"":""true"",""isBasicAttack"":""false"",""aiTag"":""""}"
card_forge_tender_resonance_flood	Resonance Flood	Flood area with healing resonance; mass HP restoration.	utility_card				"{""apCost"":""3"",""playLimitPerTurn"":""1"",""isCard"":""true"",""isBasicAttack"":""false"",""aiTag"":""""}"
card_forge_tender_suture_protocol	Suture Protocol	Quick repair action restoring limited HP and clearing minor status.	utility_card				"{""apCost"":""1"",""playLimitPerTurn"":""1"",""isCard"":""true"",""isBasicAttack"":""false"",""aiTag"":""""}"
card_forge_tender_the_body_is_the_temple	The Body Is the Temple	Capstone: the forge tender's art reaches absolute mastery; sustain or end combat.	capstone_card				"{""apCost"":""3"",""playLimitPerTurn"":""1"",""isCard"":""true"",""isBasicAttack"":""false"",""aiTag"":""""}"
card_forged_neural_ready	Neural Accelerator Ready	Card version of Neural Accelerator utility.	combat_card				"{""apCost"":""1"",""playLimitPerTurn"":""1"",""isCard"":""true"",""isBasicAttack"":""false"",""aiTag"":""""}"
card_forged_vox_mimic	Vox Mimic Voice	Social utility card; perfectly mimic a voice heard for at least one minute.	utility_card				"{""apCost"":""1"",""playLimitPerTurn"":""1"",""isCard"":""true"",""isBasicAttack"":""false"",""aiTag"":""""}"
card_fracture_knight_basic_attack	Basic Attack (Fracture Knight)	Free between-state strike. Once per turn.	combat_card				"{""apCost"":""0"",""playLimitPerTurn"":""1"",""isCard"":""true"",""isBasicAttack"":""true"",""aiTag"":""""}"
card_fracture_knight_between_burst	Between Burst	Detonate Fracture stacks for massive burst damage.	combat_card				"{""apCost"":""2"",""playLimitPerTurn"":""1"",""isCard"":""true"",""isBasicAttack"":""false"",""aiTag"":""""}"
card_fracture_knight_between_strike	Between Strike	Strike partially from Between; ignores some physical defenses.	combat_card				"{""apCost"":""1"",""playLimitPerTurn"":""1"",""isCard"":""true"",""isBasicAttack"":""false"",""aiTag"":""""}"
card_fracture_knight_between_the_final_blow	Between: The Final Blow	Capstone: a strike from the deepest Between; the enemy cannot exist in the same space.	capstone_card				"{""apCost"":""3"",""playLimitPerTurn"":""1"",""isCard"":""true"",""isBasicAttack"":""false"",""aiTag"":""""}"
card_fracture_knight_fracture_apply	Apply Fracture	Apply Fracture stacks to target; accumulates damage scaling.	control_card				"{""apCost"":""1"",""playLimitPerTurn"":""1"",""isCard"":""true"",""isBasicAttack"":""false"",""aiTag"":""""}"
card_fracture_knight_phantom_army	Phantom Army	Signature: summon all accumulated Between phantoms as overwhelming force.	power_card				"{""apCost"":""3"",""playLimitPerTurn"":""1"",""isCard"":""true"",""isBasicAttack"":""false"",""aiTag"":""""}"
card_fracture_knight_phantom_charge	Phantom Charge	Spend Phantom Charges to perform extraordinary movement.	mobility_card				"{""apCost"":""1"",""playLimitPerTurn"":""1"",""isCard"":""true"",""isBasicAttack"":""false"",""aiTag"":""""}"
card_fracture_knight_phantom_strike	Phantom Strike	Strike using Phantom Charge power; damage scales with charge spent.	combat_card				"{""apCost"":""2"",""playLimitPerTurn"":""1"",""isCard"":""true"",""isBasicAttack"":""false"",""aiTag"":""""}"
card_hollow_basic_attack	Basic Attack (The Hollow)	Free void-resonance strike. Once per turn.	combat_card				"{""apCost"":""0"",""playLimitPerTurn"":""1"",""isCard"":""true"",""isBasicAttack"":""true"",""aiTag"":""""}"
card_hollow_hollow_endurance	Hollow Endurance	Apply Guard 8 + FRAME; restore 5 + FRAME HP (or + RESONANCE if below half HP).	defense_card				"{""apCost"":""2"",""playLimitPerTurn"":""1"",""isCard"":""true"",""isBasicAttack"":""false"",""aiTag"":""""}"
card_hollow_hollow_guard	Hollow Guard	Apply Guard 5 + FRAME (or Guard 5 + FRAME + RESONANCE if below half HP).	defense_card				"{""apCost"":""1"",""playLimitPerTurn"":""1"",""isCard"":""true"",""isBasicAttack"":""false"",""aiTag"":""""}"
card_hollow_resonant_collapse	Resonant Collapse	Deal 12 + RESONANCE damage; apply Expose 3. If below half HP also Stagger.	combat_card				"{""apCost"":""2"",""playLimitPerTurn"":""1"",""isCard"":""true"",""isBasicAttack"":""false"",""aiTag"":""""}"
card_hollow_shell_state	Shell State	Cannot be damaged or targeted until next turn; return deals 18 + RESONANCE; apply Expose 5 and Vulnerable 4.	power_card				"{""apCost"":""3"",""playLimitPerTurn"":""1"",""isCard"":""true"",""isBasicAttack"":""false"",""aiTag"":""""}"
card_hollow_the_end_of_one_road	The End of One Road	Capstone: enter full Shell-state; return deals 28 + RESONANCE to all in 25 feet; restore 16 + FRAME HP.	capstone_card				"{""apCost"":""3"",""playLimitPerTurn"":""1"",""isCard"":""true"",""isBasicAttack"":""false"",""aiTag"":""""}"
card_hollow_the_hollow_threshold	The Hollow Threshold	Deal 18 + RESONANCE damage; apply Expose 4 and Vulnerable 3; +RESONANCE + FRAME bonus per 20 HP missing.	power_card				"{""apCost"":""3"",""playLimitPerTurn"":""1"",""isCard"":""true"",""isBasicAttack"":""false"",""aiTag"":""""}"
card_hollow_threshold_strike	Threshold Strike	Deal 10 + RESONANCE damage; double RESONANCE modifier if below half HP.	combat_card				"{""apCost"":""2"",""playLimitPerTurn"":""1"",""isCard"":""true"",""isBasicAttack"":""false"",""aiTag"":""""}"
card_hollow_void_anchor	Void Anchor	Apply Guard 5 + FRAME and Shield 4 (or Guard + RESONANCE and Shield 6 if at critical HP).	defense_card				"{""apCost"":""1"",""playLimitPerTurn"":""1"",""isCard"":""true"",""isBasicAttack"":""false"",""aiTag"":""""}"
card_hollow_void_deepens	Void Deepens	Deal 14 + RESONANCE damage. If below half HP deal +RESONANCE + FRAME bonus and apply Vulnerable 3.	combat_card				"{""apCost"":""2"",""playLimitPerTurn"":""1"",""isCard"":""true"",""isBasicAttack"":""false"",""aiTag"":""""}"
card_hollow_void_presence	Void Presence	Deal 5 + RESONANCE damage; deal +RESONANCE bonus per 10 HP missing.	combat_card				"{""apCost"":""1"",""playLimitPerTurn"":""1"",""isCard"":""true"",""isBasicAttack"":""false"",""aiTag"":""""}"
card_hollow_void_walk	Void Walk	Signature: cannot be targeted until next turn; return deals 12 + RESONANCE to all enemies within 15 feet.	power_card				"{""apCost"":""3"",""playLimitPerTurn"":""1"",""isCard"":""true"",""isBasicAttack"":""false"",""aiTag"":""""}"
card_iron_blessed_formation_flare_tended	Formation Flare (Tended)	Tended only. Guard 6 + RESONANCE self. Allies within 10 feet gain Guard 3 + RESONANCE. Enemies within 10 feet take 3 + RESONANCE on melee contact.	defense_card				"{""apCost"":""2"",""playLimitPerTurn"":""1"",""isCard"":""true"",""isBasicAttack"":""false"",""aiTag"":""""}"
card_iron_blessed_prior_ascended_echo	Prior Ascended Echo	15-foot radius: enemies take 5 + RESONANCE damage. Constructs/undead/Afterlife creatures take +4 + Expose 2. GM adds one minor uncontrolled resonant effect.	resonant_card				"{""apCost"":""2"",""playLimitPerTurn"":""1"",""isCard"":""true"",""isBasicAttack"":""false"",""aiTag"":""""}"
card_iron_blessed_uncontrolled_resonance	Uncontrolled Resonance (Unregistered)	Unregistered only. 20-foot radius: enemies take 7 + RESONANCE + Stagger. At/below half HP: Stagger + Expose 3. Self takes 3 damage. Next card costs 0 AP.	power_card				"{""apCost"":""3"",""playLimitPerTurn"":""1"",""isCard"":""true"",""isBasicAttack"":""false"",""aiTag"":""""}"
card_iron_herald_basic_attack	Basic Attack (Iron Herald)	Free herald-authority strike. Once per turn.	combat_card				"{""apCost"":""0"",""playLimitPerTurn"":""1"",""isCard"":""true"",""isBasicAttack"":""true"",""aiTag"":""""}"
card_iron_herald_command_pulse	Command Pulse	Pulse Command Zone authority outward; apply debuff to all enemies in zone.	control_card				"{""apCost"":""2"",""playLimitPerTurn"":""1"",""isCard"":""true"",""isBasicAttack"":""false"",""aiTag"":""""}"
card_iron_herald_command_zone_establish	Establish Command Zone	Establish Command Zone centered on self; enables zone-synergy abilities.	utility_card				"{""apCost"":""1"",""playLimitPerTurn"":""1"",""isCard"":""true"",""isBasicAttack"":""false"",""aiTag"":""""}"
card_iron_herald_coordinated_strike	Coordinated Strike	Strike in conjunction with ally; damage amplified by coordination.	combat_card				"{""apCost"":""2"",""playLimitPerTurn"":""1"",""isCard"":""true"",""isBasicAttack"":""false"",""aiTag"":""""}"
card_iron_herald_priority_mark	Priority Mark	Designate Priority Target; allies gain bonuses against marked target.	control_card				"{""apCost"":""1"",""playLimitPerTurn"":""1"",""isCard"":""true"",""isBasicAttack"":""false"",""aiTag"":""""}"
card_iron_herald_rally_call	Rally Call	Inspire nearby allies; apply minor buff to all within Command Zone.	utility_card				"{""apCost"":""1"",""playLimitPerTurn"":""1"",""isCard"":""true"",""isBasicAttack"":""false"",""aiTag"":""""}"
card_iron_herald_the_banner_falls	The Banner Falls	Capstone: the herald's authority is absolute; none in range can deny the command.	capstone_card				"{""apCost"":""3"",""playLimitPerTurn"":""1"",""isCard"":""true"",""isBasicAttack"":""false"",""aiTag"":""""}"
card_iron_herald_zone_dominance	Zone Dominance	Signature: Command Zone achieves absolute tactical dominance.	power_card				"{""apCost"":""3"",""playLimitPerTurn"":""1"",""isCard"":""true"",""isBasicAttack"":""false"",""aiTag"":""""}"
card_iron_lord_iron_vanguard	Iron Vanguard	Interpose reaction card.	subclass_reaction_card				"{""apCost"":""1"",""playLimitPerTurn"":""1"",""isCard"":""true"",""isBasicAttack"":""false"",""aiTag"":""""}"
card_iron_lord_lords_resonance	Lord's Resonance	Ward-linked offense card.	subclass_card				"{""apCost"":""1"",""playLimitPerTurn"":""1"",""isCard"":""true"",""isBasicAttack"":""false"",""aiTag"":""""}"
card_iron_lord_unbroken_fealty	Unbroken Fealty	Emergency ward sustain card.	subclass_power_card				"{""apCost"":""2"",""playLimitPerTurn"":""1"",""isCard"":""true"",""isBasicAttack"":""false"",""aiTag"":""""}"
card_iron_monk_basic_attack	Basic Attack (Iron Monk)	Free resonant strike. Once per turn.	combat_card				"{""apCost"":""0"",""playLimitPerTurn"":""1"",""isCard"":""true"",""isBasicAttack"":""true"",""aiTag"":""""}"
card_iron_monk_between_step	Between Step	Move through the Between; repositioning without physical travel.	mobility_card				"{""apCost"":""1"",""playLimitPerTurn"":""1"",""isCard"":""true"",""isBasicAttack"":""false"",""aiTag"":""""}"
card_iron_monk_between_ward	Between Ward	Use Between awareness to negate or reduce incoming attack.	reaction_card				"{""apCost"":""1"",""playLimitPerTurn"":""1"",""isCard"":""true"",""isBasicAttack"":""false"",""aiTag"":""""}"
card_iron_monk_deliberate_breath	Deliberate Breath	Controlled breathing technique; clear status and stabilize.	defense_card				"{""apCost"":""1"",""playLimitPerTurn"":""1"",""isCard"":""true"",""isBasicAttack"":""false"",""aiTag"":""""}"
card_iron_monk_iron_apotheosis	Iron Apotheosis	Achieve iron-body state; near-impervious physical form.	power_card				"{""apCost"":""3"",""playLimitPerTurn"":""1"",""isCard"":""true"",""isBasicAttack"":""false"",""aiTag"":""""}"
card_iron_monk_iron_guard	Iron Guard	Absolute defensive discipline; convert stillness into protection.	defense_card				"{""apCost"":""1"",""playLimitPerTurn"":""1"",""isCard"":""true"",""isBasicAttack"":""false"",""aiTag"":""""}"
card_iron_monk_perfect_strike	Perfect Strike	Disciplined attack achieving mathematical perfection of force.	combat_card				"{""apCost"":""2"",""playLimitPerTurn"":""1"",""isCard"":""true"",""isBasicAttack"":""false"",""aiTag"":""""}"
card_iron_monk_resonant_defense	Resonant Defense	Channel resonance into defensive response to incoming attack.	reaction_card				"{""apCost"":""1"",""playLimitPerTurn"":""1"",""isCard"":""true"",""isBasicAttack"":""false"",""aiTag"":""""}"
card_iron_monk_resonant_form	Resonant Form	Signature: enter peak resonant physical state; all abilities enhanced.	power_card				"{""apCost"":""3"",""playLimitPerTurn"":""1"",""isCard"":""true"",""isBasicAttack"":""false"",""aiTag"":""""}"
card_iron_monk_resonant_pulse	Resonant Pulse	Release resonant energy in area burst centered on self.	combat_card				"{""apCost"":""2"",""playLimitPerTurn"":""1"",""isCard"":""true"",""isBasicAttack"":""false"",""aiTag"":""""}"
card_iron_monk_resonant_strike	Resonant Strike	Focused resonant energy channeled through unarmed strike.	combat_card				"{""apCost"":""1"",""playLimitPerTurn"":""1"",""isCard"":""true"",""isBasicAttack"":""false"",""aiTag"":""""}"
card_iron_monk_suffering_engine	Suffering Engine	Convert damage taken into offensive or defensive resource.	utility_card				"{""apCost"":""2"",""playLimitPerTurn"":""1"",""isCard"":""true"",""isBasicAttack"":""false"",""aiTag"":""""}"
card_iron_monk_the_between_made_flesh	The Between Made Flesh	Capstone: the monk's body becomes a vessel of the Between itself.	capstone_card				"{""apCost"":""3"",""playLimitPerTurn"":""1"",""isCard"":""true"",""isBasicAttack"":""false"",""aiTag"":""""}"
card_ironclad_basic_attack	Basic Attack (Ironclad)	Free attack card; once per turn.	combat_card				"{""apCost"":""0"",""playLimitPerTurn"":""1"",""isCard"":""true"",""isBasicAttack"":""true"",""aiTag"":""""}"
card_ironclad_between_stance	Between Stance	Mobility-defense attack rider card.	combat_card				"{""apCost"":""1"",""playLimitPerTurn"":""1"",""isCard"":""true"",""isBasicAttack"":""false"",""aiTag"":""""}"
card_ironclad_blade_sworn	Blade-Sworn	Passive card marker for bonded weapon behavior.	passive_card				"{""apCost"":""0"",""playLimitPerTurn"":""1"",""isCard"":""true"",""isBasicAttack"":""false"",""aiTag"":""""}"
card_ironclad_burden_strike	Burden Strike	Ally-protection reaction card.	reaction_card				"{""apCost"":""1"",""playLimitPerTurn"":""1"",""isCard"":""true"",""isBasicAttack"":""false"",""aiTag"":""""}"
card_ironclad_iron_breath	Iron Breath	Signature suppression card.	utility_card				"{""apCost"":""1"",""playLimitPerTurn"":""1"",""isCard"":""true"",""isBasicAttack"":""false"",""aiTag"":""""}"
card_ironclad_iron_witness	Iron Witness	Gain temporary HP on nearby takedown trigger.	combat_card				"{""apCost"":""1"",""playLimitPerTurn"":""1"",""isCard"":""true"",""isBasicAttack"":""false"",""aiTag"":""""}"
card_ironclad_perfect_kata	Perfect Kata	High-impact burst card; once per long rest by additional tracker.	combat_card				"{""apCost"":""3"",""playLimitPerTurn"":""1"",""isCard"":""true"",""isBasicAttack"":""false"",""aiTag"":""""}"
card_ironclad_resonant_armor	Resonant Armor	Damage reduction reaction with use tracker.	defense_card				"{""apCost"":""1"",""playLimitPerTurn"":""1"",""isCard"":""true"",""isBasicAttack"":""false"",""aiTag"":""""}"
card_ironclad_resonant_strike	Resonant Strike	Damage boost card tied to Wisdom scaling.	combat_card				"{""apCost"":""1"",""playLimitPerTurn"":""1"",""isCard"":""true"",""isBasicAttack"":""false"",""aiTag"":""""}"
card_ironclad_resonant_surge	Resonant Surge	Temporary power state; AP spend and duration tracked by script.	combat_card				"{""apCost"":""2"",""playLimitPerTurn"":""1"",""isCard"":""true"",""isBasicAttack"":""false"",""aiTag"":""""}"
card_ironclad_seventh_vein	The Seventh Vein	Capstone card package enabling final-action logic and surge scaling.	capstone_card				"{""apCost"":""0"",""playLimitPerTurn"":""1"",""isCard"":""true"",""isBasicAttack"":""false"",""aiTag"":""""}"
card_ironclad_stillness_kata	Stillness Kata	If stationary this turn, gain offensive bonus.	combat_card				"{""apCost"":""1"",""playLimitPerTurn"":""1"",""isCard"":""true"",""isBasicAttack"":""false"",""aiTag"":""""}"
card_merchant_knife_basic_attack	Basic Attack (Merchant Knife)	Free trade-weighted strike. Once per turn.	combat_card				"{""apCost"":""0"",""playLimitPerTurn"":""1"",""isCard"":""true"",""isBasicAttack"":""true"",""aiTag"":""""}"
card_merchant_knife_gilded_blade	Gilded Blade	Strike enhanced by economic intelligence; damage scales with advantage accumulated.	combat_card				"{""apCost"":""2"",""playLimitPerTurn"":""1"",""isCard"":""true"",""isBasicAttack"":""false"",""aiTag"":""""}"
card_merchant_knife_leverage_play	Leverage Play	Apply economic or social leverage to restrict target's options.	control_card				"{""apCost"":""1"",""playLimitPerTurn"":""1"",""isCard"":""true"",""isBasicAttack"":""false"",""aiTag"":""""}"
card_merchant_knife_market_read	Market Read	Assess economic and tactical position of target; gain intelligence advantage.	utility_card				"{""apCost"":""1"",""playLimitPerTurn"":""1"",""isCard"":""true"",""isBasicAttack"":""false"",""aiTag"":""""}"
card_merchant_knife_network_play	Network Play	Activate trade or intelligence network for significant tactical advantage.	utility_card				"{""apCost"":""2"",""playLimitPerTurn"":""1"",""isCard"":""true"",""isBasicAttack"":""false"",""aiTag"":""""}"
card_merchant_knife_supply_cut	Supply Cut	Cut target's access to resources or support; apply escalating debuff.	control_card				"{""apCost"":""2"",""playLimitPerTurn"":""1"",""isCard"":""true"",""isBasicAttack"":""false"",""aiTag"":""""}"
card_merchant_knife_the_contract	The Contract	Signature: establish binding economic contract with absolute terms.	power_card				"{""apCost"":""3"",""playLimitPerTurn"":""1"",""isCard"":""true"",""isBasicAttack"":""false"",""aiTag"":""""}"
card_merchant_knife_the_invisible_hand	The Invisible Hand	Capstone: the merchant moves all markets and combats without apparent presence.	capstone_card				"{""apCost"":""3"",""playLimitPerTurn"":""1"",""isCard"":""true"",""isBasicAttack"":""false"",""aiTag"":""""}"
card_monster_basic_attack	Monster Basic Attack	Free baseline attack card, once per turn.	combat_card				"{""apCost"":""0"",""playLimitPerTurn"":""1"",""isCard"":""true"",""isBasicAttack"":""true"",""aiTag"":""attack""}"
card_monster_crushing_blow	Crushing Blow	High-damage card, usually for low-health targets.	power_card				"{""apCost"":""2"",""playLimitPerTurn"":""1"",""isCard"":""true"",""isBasicAttack"":""false"",""aiTag"":""finisher""}"
card_monster_end_turn	End Turn	Explicit monster turn end action for script flow.	combat_core				"{""apCost"":""0"",""playLimitPerTurn"":""1"",""isCard"":""false"",""isBasicAttack"":""false"",""aiTag"":""system""}"
card_monster_guarded_step	Guarded Step	Reposition while applying a brief defensive state.	defense_card				"{""apCost"":""1"",""playLimitPerTurn"":""1"",""isCard"":""true"",""isBasicAttack"":""false"",""aiTag"":""mobility""}"
card_monster_harden_plating	Harden Plating	Gain temporary mitigation for incoming damage.	defense_card				"{""apCost"":""1"",""playLimitPerTurn"":""1"",""isCard"":""true"",""isBasicAttack"":""false"",""aiTag"":""defense""}"
card_monster_pressure_strike	Pressure Strike	Standard AP attack card for damage cycling.	combat_card				"{""apCost"":""1"",""playLimitPerTurn"":""1"",""isCard"":""true"",""isBasicAttack"":""false"",""aiTag"":""attack""}"
card_monster_reactive_counter	Reactive Counter	Triggered response card for anti-focus behavior.	reaction_card				"{""apCost"":""1"",""playLimitPerTurn"":""1"",""isCard"":""true"",""isBasicAttack"":""false"",""aiTag"":""reaction""}"
card_monster_recover_cycle	Recover Cycle	Recover limited HP or cleanse one minor status.	sustain_card				"{""apCost"":""1"",""playLimitPerTurn"":""1"",""isCard"":""true"",""isBasicAttack"":""false"",""aiTag"":""sustain""}"
card_monster_suppressive_howl	Suppressive Howl	Applies debuff control state.	control_card				"{""apCost"":""2"",""playLimitPerTurn"":""1"",""isCard"":""true"",""isBasicAttack"":""false"",""aiTag"":""control""}"
card_oni_hunter_basic_attack	Basic Attack (Oni Hunter)	Free hunter's strike. Once per turn.	combat_card				"{""apCost"":""0"",""playLimitPerTurn"":""1"",""isCard"":""true"",""isBasicAttack"":""true"",""aiTag"":""""}"
card_oni_hunter_between_walker	Between-Walker	Pursue target through Between-space; ignore conventional obstacles.	mobility_card				"{""apCost"":""2"",""playLimitPerTurn"":""1"",""isCard"":""true"",""isBasicAttack"":""false"",""aiTag"":""""}"
card_oni_hunter_dissolution_nova	Dissolution Nova	Massive dissolution-resonance detonation against gathered targets.	combat_card				"{""apCost"":""3"",""playLimitPerTurn"":""1"",""isCard"":""true"",""isBasicAttack"":""false"",""aiTag"":""""}"
card_oni_hunter_enhancement_interrupt	Enhancement Interrupt	Interrupt or disable enemy enhancement-based card.	control_card				"{""apCost"":""1"",""playLimitPerTurn"":""1"",""isCard"":""true"",""isBasicAttack"":""false"",""aiTag"":""""}"
card_oni_hunter_hunters_apotheosis	Hunter's Apotheosis	Peak hunting state; near-perfect threat assessment and elimination.	power_card				"{""apCost"":""3"",""playLimitPerTurn"":""1"",""isCard"":""true"",""isBasicAttack"":""false"",""aiTag"":""""}"
card_oni_hunter_hunters_mark	Hunter's Mark	Designate quarry and gain all mark-conditional bonuses against them.	utility_card				"{""apCost"":""1"",""playLimitPerTurn"":""1"",""isCard"":""true"",""isBasicAttack"":""false"",""aiTag"":""""}"
card_oni_hunter_quarrys_end	Quarry's End	High-damage finishing strike against designated quarry.	combat_card				"{""apCost"":""2"",""playLimitPerTurn"":""1"",""isCard"":""true"",""isBasicAttack"":""false"",""aiTag"":""""}"
card_oni_hunter_quarrys_weakness	Quarry's Weakness	Identify and exploit identified quarry's specific vulnerability.	utility_card				"{""apCost"":""1"",""playLimitPerTurn"":""1"",""isCard"":""true"",""isBasicAttack"":""false"",""aiTag"":""""}"
card_oni_hunter_relentless_hunter	Relentless Hunter	Sustained pursuit-state enabling escalating quarry pressure.	power_card				"{""apCost"":""2"",""playLimitPerTurn"":""1"",""isCard"":""true"",""isBasicAttack"":""false"",""aiTag"":""""}"
card_oni_hunter_shell_state_disruption	Shell-State Disruption	Attack specifically targeting shell-state anchoring.	combat_card				"{""apCost"":""1"",""playLimitPerTurn"":""1"",""isCard"":""true"",""isBasicAttack"":""false"",""aiTag"":""""}"
card_oni_hunter_the_final_mark	The Final Mark	Capstone: absolute quarry designation — the marked target cannot escape or endure.	capstone_card				"{""apCost"":""3"",""playLimitPerTurn"":""1"",""isCard"":""true"",""isBasicAttack"":""false"",""aiTag"":""""}"
card_oni_hunter_void_strike	Void Strike	Attack targeting dissolution resonance or Between-entity weakness.	combat_card				"{""apCost"":""1"",""playLimitPerTurn"":""1"",""isCard"":""true"",""isBasicAttack"":""false"",""aiTag"":""""}"
card_pulse_caller_apex_precision	Apex Precision	Perfect shot with no margin for error; absolute targeting.	combat_card				"{""apCost"":""3"",""playLimitPerTurn"":""1"",""isCard"":""true"",""isBasicAttack"":""false"",""aiTag"":""""}"
card_pulse_caller_area_pulse	Area Pulse	Wide-area pulse discharge hitting multiple targets.	combat_card				"{""apCost"":""2"",""playLimitPerTurn"":""1"",""isCard"":""true"",""isBasicAttack"":""false"",""aiTag"":""""}"
card_pulse_caller_basic_attack	Basic Attack (Pulse Caller)	Free integrated pulse arm shot. Once per turn.	combat_card				"{""apCost"":""0"",""playLimitPerTurn"":""1"",""isCard"":""true"",""isBasicAttack"":""true"",""aiTag"":""""}"
card_pulse_caller_dead_eye	Dead Eye	Perfect shot precision; maximizes damage against a single target.	combat_card				"{""apCost"":""2"",""playLimitPerTurn"":""1"",""isCard"":""true"",""isBasicAttack"":""false"",""aiTag"":""""}"
card_pulse_caller_double_tap	Double Tap	Follow-up second shot on the same target this turn.	combat_card				"{""apCost"":""1"",""playLimitPerTurn"":""1"",""isCard"":""true"",""isBasicAttack"":""false"",""aiTag"":""""}"
card_pulse_caller_full_suppression	Full Suppression	Total suppressive control of a combat zone.	control_card				"{""apCost"":""3"",""playLimitPerTurn"":""1"",""isCard"":""true"",""isBasicAttack"":""false"",""aiTag"":""""}"
card_pulse_caller_kill_zone	Kill Zone	Establish denied zone where movement triggers automatic shots.	control_card				"{""apCost"":""2"",""playLimitPerTurn"":""1"",""isCard"":""true"",""isBasicAttack"":""false"",""aiTag"":""""}"
card_pulse_caller_overcharge	Overcharge	Overcharged pulse for amplified single-target damage.	combat_card				"{""apCost"":""2"",""playLimitPerTurn"":""1"",""isCard"":""true"",""isBasicAttack"":""false"",""aiTag"":""""}"
card_pulse_caller_precision_lock	Precision Lock	Acquire precise targeting lock enabling enhanced follow-up shots.	control_card				"{""apCost"":""1"",""playLimitPerTurn"":""1"",""isCard"":""true"",""isBasicAttack"":""false"",""aiTag"":""""}"
card_pulse_caller_pulse_shot	Pulse Shot	Standard integrated weapon discharge.	combat_card				"{""apCost"":""1"",""playLimitPerTurn"":""1"",""isCard"":""true"",""isBasicAttack"":""false"",""aiTag"":""""}"
card_pulse_caller_snapshot	Snapshot	Reaction-speed shot triggered by threat presentation.	combat_card				"{""apCost"":""1"",""playLimitPerTurn"":""1"",""isCard"":""true"",""isBasicAttack"":""false"",""aiTag"":""""}"
card_pulse_caller_soul_shot	Soul Shot	Resonant-charged shot targeting spiritual and physical simultaneously.	combat_card				"{""apCost"":""3"",""playLimitPerTurn"":""1"",""isCard"":""true"",""isBasicAttack"":""false"",""aiTag"":""""}"
card_pulse_caller_suppression_line	Suppression Line	Area denial through sustained suppressive fire.	control_card				"{""apCost"":""1"",""playLimitPerTurn"":""1"",""isCard"":""true"",""isBasicAttack"":""false"",""aiTag"":""""}"
card_pulse_caller_the_living_weapon	The Living Weapon	Capstone: the pulse caller and weapon become one unified system.	capstone_card				"{""apCost"":""3"",""playLimitPerTurn"":""1"",""isCard"":""true"",""isBasicAttack"":""false"",""aiTag"":""""}"
card_puppet_binder_basic_attack	Basic Attack (Puppet Binder)	Free binding thread strike. Once per turn.	combat_card				"{""apCost"":""0"",""playLimitPerTurn"":""1"",""isCard"":""true"",""isBasicAttack"":""true"",""aiTag"":""""}"
card_puppet_binder_compel_action	Compel Action	Force bound target to perform one specific action.	control_card				"{""apCost"":""2"",""playLimitPerTurn"":""1"",""isCard"":""true"",""isBasicAttack"":""false"",""aiTag"":""""}"
card_puppet_binder_full_possession	Full Possession	Take complete control of bound target for one full turn.	power_card				"{""apCost"":""3"",""playLimitPerTurn"":""1"",""isCard"":""true"",""isBasicAttack"":""false"",""aiTag"":""""}"
card_puppet_binder_minor_bind	Minor Bind	Apply partial bind to target; limits action options.	control_card				"{""apCost"":""1"",""playLimitPerTurn"":""1"",""isCard"":""true"",""isBasicAttack"":""false"",""aiTag"":""""}"
card_puppet_binder_network_bind	Network Bind	Apply binding threads to multiple targets simultaneously.	control_card				"{""apCost"":""3"",""playLimitPerTurn"":""1"",""isCard"":""true"",""isBasicAttack"":""false"",""aiTag"":""""}"
card_puppet_binder_puppet_shield	Puppet Shield	Use bound vessel as shield absorbing incoming damage.	defense_card				"{""apCost"":""2"",""playLimitPerTurn"":""1"",""isCard"":""true"",""isBasicAttack"":""false"",""aiTag"":""""}"
card_puppet_binder_the_hollow_practice	The Hollow Practice	Capstone: the binder's art reaches absolute mastery; the bound are truly hollow.	capstone_card				"{""apCost"":""3"",""playLimitPerTurn"":""1"",""isCard"":""true"",""isBasicAttack"":""false"",""aiTag"":""""}"
card_puppet_binder_thread_assault	Thread Assault	Attack through binding thread network; damage scales with bind count.	combat_card				"{""apCost"":""2"",""playLimitPerTurn"":""1"",""isCard"":""true"",""isBasicAttack"":""false"",""aiTag"":""""}"
card_puppet_binder_thread_probe	Thread Probe	Extend binding thread to target; assess vulnerability and establish weak link.	utility_card				"{""apCost"":""1"",""playLimitPerTurn"":""1"",""isCard"":""true"",""isBasicAttack"":""false"",""aiTag"":""""}"
card_ronin_basic_attack	Basic Attack (Ronin)	Free masterless strike. Once per turn.	combat_card				"{""apCost"":""0"",""playLimitPerTurn"":""1"",""isCard"":""true"",""isBasicAttack"":""true"",""aiTag"":""""}"
card_ronin_broken_code_strike	Broken Code Strike	Signature strike channeling oath-fracture into pure offensive output.	power_card				"{""apCost"":""3"",""playLimitPerTurn"":""1"",""isCard"":""true"",""isBasicAttack"":""false"",""aiTag"":""""}"
card_ronin_broken_resonance	Broken Resonance	Corrupted signature provides passive resistance to resonance-targeting effects.	defense_card				"{""apCost"":""1"",""playLimitPerTurn"":""1"",""isCard"":""true"",""isBasicAttack"":""false"",""aiTag"":""""}"
card_ronin_combat_pragmatism	Combat Pragmatism	Efficient strike; no oath overhead, pure mechanical efficiency.	combat_card				"{""apCost"":""1"",""playLimitPerTurn"":""1"",""isCard"":""true"",""isBasicAttack"":""false"",""aiTag"":""""}"
card_ronin_controlled_retreat	Controlled Retreat	Disengage without provoking while maintaining combat options.	mobility_card				"{""apCost"":""1"",""playLimitPerTurn"":""1"",""isCard"":""true"",""isBasicAttack"":""false"",""aiTag"":""""}"
card_ronin_counter_kata	Counter Kata	React to incoming attack with counter-strike.	reaction_card				"{""apCost"":""1"",""playLimitPerTurn"":""1"",""isCard"":""true"",""isBasicAttack"":""false"",""aiTag"":""""}"
card_ronin_dirty_finish	Dirty Finish	Opportunistic follow-up strike on exposed or weakened target.	combat_card				"{""apCost"":""1"",""playLimitPerTurn"":""1"",""isCard"":""true"",""isBasicAttack"":""false"",""aiTag"":""""}"
card_ronin_exile_cut	Exile Cut	Precision strike informed by hard-won combat experience.	combat_card				"{""apCost"":""2"",""playLimitPerTurn"":""1"",""isCard"":""true"",""isBasicAttack"":""false"",""aiTag"":""""}"
card_ronin_fracture_strike	Fracture Strike	Strike targeting structural weaknesses with corrupted resonance.	combat_card				"{""apCost"":""2"",""playLimitPerTurn"":""1"",""isCard"":""true"",""isBasicAttack"":""false"",""aiTag"":""""}"
card_ronin_ghost_step	Ghost Step	Movement exploiting Between awareness from corrupted signature.	mobility_card				"{""apCost"":""2"",""playLimitPerTurn"":""1"",""isCard"":""true"",""isBasicAttack"":""false"",""aiTag"":""""}"
card_ronin_iron_scar	Iron Scar	Convert accumulated damage into temporary defensive fortification.	defense_card				"{""apCost"":""2"",""playLimitPerTurn"":""1"",""isCard"":""true"",""isBasicAttack"":""false"",""aiTag"":""""}"
card_ronin_masterless_edge	Masterless Edge	Baseline Ronin attack leveraging unbound resonance corruption.	combat_card				"{""apCost"":""1"",""playLimitPerTurn"":""1"",""isCard"":""true"",""isBasicAttack"":""false"",""aiTag"":""""}"
card_ronin_masterless_momentum	Masterless Momentum	Chain strikes leveraging unbound energy for escalating damage.	power_card				"{""apCost"":""2"",""playLimitPerTurn"":""1"",""isCard"":""true"",""isBasicAttack"":""false"",""aiTag"":""""}"
card_ronin_masterless_perfection	Masterless Perfection	Peak expression of unbound combat philosophy.	power_card				"{""apCost"":""3"",""playLimitPerTurn"":""1"",""isCard"":""true"",""isBasicAttack"":""false"",""aiTag"":""""}"
card_ronin_no_lord_but_the_work	No Lord But the Work	Capstone: ultimate expression of masterless philosophy and freedom from obligation.	capstone_card				"{""apCost"":""3"",""playLimitPerTurn"":""1"",""isCard"":""true"",""isBasicAttack"":""false"",""aiTag"":""""}"
card_ronin_relentless_press	Relentless Press	Maintain pressure through sustained attack sequence.	combat_card				"{""apCost"":""1"",""playLimitPerTurn"":""1"",""isCard"":""true"",""isBasicAttack"":""false"",""aiTag"":""""}"
card_ronin_resonance_inversion	Resonance Inversion	Turn corrupted resonance signature against enemy resonant abilities.	control_card				"{""apCost"":""3"",""playLimitPerTurn"":""1"",""isCard"":""true"",""isBasicAttack"":""false"",""aiTag"":""""}"
card_ronin_resonant_corruption	Resonant Corruption	Unleash corrupted resonance signature as a damaging attack.	combat_card				"{""apCost"":""2"",""playLimitPerTurn"":""1"",""isCard"":""true"",""isBasicAttack"":""false"",""aiTag"":""""}"
card_ronin_scar_tissue	Scar Tissue	Accumulated battle damage provides resistance to further harm.	defense_card				"{""apCost"":""1"",""playLimitPerTurn"":""1"",""isCard"":""true"",""isBasicAttack"":""false"",""aiTag"":""""}"
card_ronin_unshackled_violence	Unshackled Violence	Uninhibited assault unbound by oath restrictions.	combat_card				"{""apCost"":""2"",""playLimitPerTurn"":""1"",""isCard"":""true"",""isBasicAttack"":""false"",""aiTag"":""""}"
card_shadow_daimyo_basic_attack	Basic Attack (Shadow Daimyo)	Free shadow strike. Once per turn.	combat_card				"{""apCost"":""0"",""playLimitPerTurn"":""1"",""isCard"":""true"",""isBasicAttack"":""true"",""aiTag"":""""}"
card_shadow_daimyo_contact_activation	Contact Activation	Activate prepared contact for immediate tactical advantage.	utility_card				"{""apCost"":""2"",""playLimitPerTurn"":""1"",""isCard"":""true"",""isBasicAttack"":""false"",""aiTag"":""""}"
card_shadow_daimyo_deep_network	Deep Network	Access deeper network resources; increased intelligence and contact quality.	utility_card				"{""apCost"":""2"",""playLimitPerTurn"":""1"",""isCard"":""true"",""isBasicAttack"":""false"",""aiTag"":""""}"
card_shadow_daimyo_gather_intelligence	Gather Intelligence	Collect intelligence on target; accumulate Intelligence points.	utility_card				"{""apCost"":""1"",""playLimitPerTurn"":""1"",""isCard"":""true"",""isBasicAttack"":""false"",""aiTag"":""""}"
card_shadow_daimyo_intelligence_leverage	Intelligence Leverage	Convert accumulated intelligence into combat advantage against target.	control_card				"{""apCost"":""2"",""playLimitPerTurn"":""1"",""isCard"":""true"",""isBasicAttack"":""false"",""aiTag"":""""}"
card_shadow_daimyo_invisible_hand	The Invisible Hand	Capstone: absolute intelligence dominance; the Daimyo moves all pieces without being seen.	capstone_card				"{""apCost"":""3"",""playLimitPerTurn"":""1"",""isCard"":""true"",""isBasicAttack"":""false"",""aiTag"":""""}"
card_shadow_daimyo_network_tap	Network Tap	Access intelligence network for information or positional advantage.	utility_card				"{""apCost"":""1"",""playLimitPerTurn"":""1"",""isCard"":""true"",""isBasicAttack"":""false"",""aiTag"":""""}"
card_shadow_daimyo_precision_blade	Precision Blade	Precision strike informed by accumulated intelligence on this target.	combat_card				"{""apCost"":""1"",""playLimitPerTurn"":""1"",""isCard"":""true"",""isBasicAttack"":""false"",""aiTag"":""""}"
card_shadow_daimyo_social_cut	Social Cut	Leverage intelligence advantage to undermine target socially and tactically.	control_card				"{""apCost"":""1"",""playLimitPerTurn"":""1"",""isCard"":""true"",""isBasicAttack"":""false"",""aiTag"":""""}"
card_shadow_daimyo_the_web_tightens	The Web Tightens	Signature: all accumulated intelligence and contacts activate simultaneously.	power_card				"{""apCost"":""3"",""playLimitPerTurn"":""1"",""isCard"":""true"",""isBasicAttack"":""false"",""aiTag"":""""}"
card_shell_dancer_basic_attack	Basic Attack (Shell Dancer)	Free evasion-state strike. Once per turn.	combat_card				"{""apCost"":""0"",""playLimitPerTurn"":""1"",""isCard"":""true"",""isBasicAttack"":""true"",""aiTag"":""""}"
card_shell_dancer_cascade_burst	Cascade Burst	Release all Cascade as concentrated burst; massive damage potential.	power_card				"{""apCost"":""2"",""playLimitPerTurn"":""1"",""isCard"":""true"",""isBasicAttack"":""false"",""aiTag"":""""}"
card_shell_dancer_cascade_strike	Cascade Strike	Strike that generates Cascade from damage; hit harder as you're hit harder.	combat_card				"{""apCost"":""1"",""playLimitPerTurn"":""1"",""isCard"":""true"",""isBasicAttack"":""false"",""aiTag"":""""}"
card_shell_dancer_controlled_discharge	Controlled Discharge	Convert Cascade into offensive output; damage scales with Cascade count.	combat_card				"{""apCost"":""1"",""playLimitPerTurn"":""1"",""isCard"":""true"",""isBasicAttack"":""false"",""aiTag"":""""}"
card_shell_dancer_evasion_cut	Evasion Cut	Strike executed from Shell Step; high damage enabled by evasion state.	combat_card				"{""apCost"":""2"",""playLimitPerTurn"":""1"",""isCard"":""true"",""isBasicAttack"":""false"",""aiTag"":""""}"
card_shell_dancer_shell_step_enter	Enter Shell Step	Enter Shell Step evasion state; become difficult to target.	utility_card				"{""apCost"":""1"",""playLimitPerTurn"":""1"",""isCard"":""true"",""isBasicAttack"":""false"",""aiTag"":""""}"
card_shell_dancer_shell_step_strike	Shell Step Strike	Signature: deliver a strike from absolute Shell Step depth; near-unavoidable.	combat_card				"{""apCost"":""3"",""playLimitPerTurn"":""1"",""isCard"":""true"",""isBasicAttack"":""false"",""aiTag"":""""}"
card_shell_dancer_the_broken_perfection	The Broken Perfection	Capstone: the dancer becomes perfectly broken; damage and evasion fuse into one.	capstone_card				"{""apCost"":""3"",""playLimitPerTurn"":""1"",""isCard"":""true"",""isBasicAttack"":""false"",""aiTag"":""""}"
card_shellbroken_shell_adjacent_state	Shell-Adjacent State	1 turn: enemies within 20 feet spend 1 AP for offensive actions. Next attack: 8 + RESONANCE + Expose 3 + Stagger. Severs Hollow Author control 3 turns. Shellbroken gains Vulnerable 2 until next turn.	power_card				"{""apCost"":""3"",""playLimitPerTurn"":""1"",""isCard"":""true"",""isBasicAttack"":""false"",""aiTag"":""""}"
card_shellbroken_what_emptiness_knows	What Emptiness Knows	Target within 30 feet: next card halved effect + negated keywords. Allies within 15 feet gain Guard 2 + RESONANCE. Once per enemy per combat.	control_card				"{""apCost"":""2"",""playLimitPerTurn"":""1"",""isCard"":""true"",""isBasicAttack"":""false"",""aiTag"":""""}"
card_status_cleanse_cycle	Cleanse Cycle	Remove one debuff from ally target.	utility_card				"{""apCost"":""1"",""playLimitPerTurn"":""1"",""isCard"":""true"",""isBasicAttack"":""false"",""aiTag"":""""}"
card_status_expose_weakpoint	Expose Weakpoint	Apply Expose to enemy target.	control_card				"{""apCost"":""1"",""playLimitPerTurn"":""1"",""isCard"":""true"",""isBasicAttack"":""false"",""aiTag"":""""}"
card_status_guard_protocol	Guard Protocol	Apply Guard to self or ally.	defense_card				"{""apCost"":""1"",""playLimitPerTurn"":""1"",""isCard"":""true"",""isBasicAttack"":""false"",""aiTag"":""""}"
card_status_heat_purge	Heat Purge	Remove Overheat stacks from self.	utility_card				"{""apCost"":""1"",""playLimitPerTurn"":""1"",""isCard"":""true"",""isBasicAttack"":""false"",""aiTag"":""""}"
card_status_mark_target	Mark Target	Apply Mark to enemy target.	control_card				"{""apCost"":""1"",""playLimitPerTurn"":""1"",""isCard"":""true"",""isBasicAttack"":""false"",""aiTag"":""""}"
card_status_overclock_drive	Overclock Drive	Empower next card this turn and add Overheat stacks.	power_card				"{""apCost"":""2"",""playLimitPerTurn"":""1"",""isCard"":""true"",""isBasicAttack"":""false"",""aiTag"":""""}"
card_status_stagger_strike	Stagger Strike	Deal fixed damage and apply Stagger.	combat_card				"{""apCost"":""1"",""playLimitPerTurn"":""1"",""isCard"":""true"",""isBasicAttack"":""false"",""aiTag"":""""}"
card_stitched_composite_response	Composite Response	Choose Component A or B defined at creation. Component A: heavy damage + Root + Guard. Component B: precision damage + Expose 2 + reposition.	power_card				"{""apCost"":""2"",""playLimitPerTurn"":""1"",""isCard"":""true"",""isBasicAttack"":""false"",""aiTag"":""""}"
card_stitched_drift_shift	Drift Shift	Shift Drift State (none → minor → major → none). While drifting, gain +2 Guard and Stagger resistance. While major: attacks deal +FRAME bonus damage but you cannot use control cards.	combat_card				"{""apCost"":""1"",""playLimitPerTurn"":""1"",""isCard"":""true"",""isBasicAttack"":""false"",""aiTag"":""""}"
card_sutensai_authority_seal	Authority Seal	Apply institutional authority seal restricting target's actions.	control_card				"{""apCost"":""1"",""playLimitPerTurn"":""1"",""isCard"":""true"",""isBasicAttack"":""false"",""aiTag"":""""}"
card_sutensai_basic_attack	Basic Attack (Sutensai)	Free doctrinal strike. Once per turn.	combat_card				"{""apCost"":""0"",""playLimitPerTurn"":""1"",""isCard"":""true"",""isBasicAttack"":""true"",""aiTag"":""""}"
card_sutensai_between_consecration	Between Consecration	Area consecration card.	subclass_power_card				"{""apCost"":""2"",""playLimitPerTurn"":""1"",""isCard"":""true"",""isBasicAttack"":""false"",""aiTag"":""""}"
card_sutensai_channel_prior	Channel Prior	Signature: channel voice and authority of a Prior Ascended entity.	power_card				"{""apCost"":""3"",""playLimitPerTurn"":""1"",""isCard"":""true"",""isBasicAttack"":""false"",""aiTag"":""""}"
card_sutensai_doctrinal_silence	Doctrinal Silence	Enforce doctrinal silence; apply Silence to target through authority.	control_card				"{""apCost"":""1"",""playLimitPerTurn"":""1"",""isCard"":""true"",""isBasicAttack"":""false"",""aiTag"":""""}"
card_sutensai_final_sutra	The Final Sutra	Soul-bind finishing card.	subclass_power_card				"{""apCost"":""3"",""playLimitPerTurn"":""1"",""isCard"":""true"",""isBasicAttack"":""false"",""aiTag"":""""}"
card_sutensai_iron_ward_pulse	Iron Ward Pulse	Project Iron Sutra ward providing area protection.	defense_card				"{""apCost"":""1"",""playLimitPerTurn"":""1"",""isCard"":""true"",""isBasicAttack"":""false"",""aiTag"":""""}"
card_sutensai_radiant_sentence	Radiant Sentence	Deliver official sentence as resonant damage burst.	combat_card				"{""apCost"":""2"",""playLimitPerTurn"":""1"",""isCard"":""true"",""isBasicAttack"":""false"",""aiTag"":""""}"
card_sutensai_spiritual_arrest	Spiritual Arrest	Absolute spiritual arrest; total suppression of target. May pay HP instead of AP.	control_card				"{""apCost"":""3"",""playLimitPerTurn"":""1"",""isCard"":""true"",""isBasicAttack"":""false"",""aiTag"":""""}"
card_sutensai_spiritual_stricture	Spiritual Stricture	Bind target with spiritual law; deal damage and restrict ability use. May pay HP instead of AP.	combat_card				"{""apCost"":""2"",""playLimitPerTurn"":""1"",""isCard"":""true"",""isBasicAttack"":""false"",""aiTag"":""""}"
card_sutensai_sutra_annihilation	Sutra Annihilation	Total doctrinal annihilation strike. May pay HP instead of AP.	combat_card				"{""apCost"":""3"",""playLimitPerTurn"":""1"",""isCard"":""true"",""isBasicAttack"":""false"",""aiTag"":""""}"
card_sutensai_sutra_condemnation	Sutra Condemnation	Invoke Iron Sutra authority to condemn and damage target.	combat_card				"{""apCost"":""1"",""playLimitPerTurn"":""1"",""isCard"":""true"",""isBasicAttack"":""false"",""aiTag"":""""}"
card_sutensai_sutras_edge	Sutra's Edge	Rite anti-reanimation strike card.	subclass_card				"{""apCost"":""1"",""playLimitPerTurn"":""1"",""isCard"":""true"",""isBasicAttack"":""false"",""aiTag"":""""}"
card_sutensai_the_last_reading	The Last Reading	Capstone: read the last truth; absolute doctrinal judgment with lethal authority. May pay HP.	capstone_card				"{""apCost"":""3"",""playLimitPerTurn"":""1"",""isCard"":""true"",""isBasicAttack"":""false"",""aiTag"":""""}"
card_sutensai_weight_of_law	Weight of Law	Apply full institutional weight; root and suppress target. May pay HP instead of AP.	control_card				"{""apCost"":""2"",""playLimitPerTurn"":""1"",""isCard"":""true"",""isBasicAttack"":""false"",""aiTag"":""""}"
card_tethered_the_still_point	The Still Point	Remove Stagger/Root/Silence/Vulnerable; first enemy card targeting you loses keyword riders. Apply Fortify until next turn.	utility_card				"{""apCost"":""2"",""playLimitPerTurn"":""1"",""isCard"":""true"",""isBasicAttack"":""false"",""aiTag"":""""}"
card_tethered_weight_of_flesh	Weight of Flesh	Target creature within 10 feet: apply Expose 2 and Root. If target has cybernetics, Root extends 1 additional round.	control_card				"{""apCost"":""1"",""playLimitPerTurn"":""1"",""isCard"":""true"",""isBasicAttack"":""false"",""aiTag"":""""}"
card_unnamed_basic_attack	Unmarked Strike	Free once-per-turn basic attack scaling with Active Stat. Deals 4 + Active Stat damage. Before any cards are named, this is all The Unnamed can reliably do.	combat_card				"{""apCost"":""0"",""playLimitPerTurn"":""1"",""isCard"":""true"",""isBasicAttack"":""true"",""aiTag"":""""}"
card_unnamed_card_1	Card 1 (Unnamed)	Player-defined card unlocked by personal condition. Mechanics defined at unlock.	unnamed_card				"{""apCost"":""1"",""playLimitPerTurn"":""1"",""isCard"":""true"",""isBasicAttack"":""false"",""aiTag"":""""}"
card_unnamed_card_10	Card 10 (Unnamed)	Player-defined card unlocked by personal condition. Mechanics defined at unlock.	unnamed_card				"{""apCost"":""2"",""playLimitPerTurn"":""1"",""isCard"":""true"",""isBasicAttack"":""false"",""aiTag"":""""}"
card_unnamed_card_11	Card 11 (Unnamed)	Player-defined card unlocked by personal condition. Mechanics defined at unlock.	unnamed_card				"{""apCost"":""3"",""playLimitPerTurn"":""1"",""isCard"":""true"",""isBasicAttack"":""false"",""aiTag"":""""}"
card_unnamed_card_12	Card 12 (Unnamed)	Player-defined card unlocked by personal condition. Mechanics defined at unlock.	unnamed_card				"{""apCost"":""3"",""playLimitPerTurn"":""1"",""isCard"":""true"",""isBasicAttack"":""false"",""aiTag"":""""}"
card_unnamed_card_13	Card 13 (Unnamed)	Player-defined card unlocked by personal condition. Mechanics defined at unlock.	unnamed_card				"{""apCost"":""3"",""playLimitPerTurn"":""1"",""isCard"":""true"",""isBasicAttack"":""false"",""aiTag"":""""}"
card_unnamed_card_14	Card 14 (Unnamed)	Player-defined card unlocked by personal condition. Mechanics defined at unlock.	unnamed_card				"{""apCost"":""3"",""playLimitPerTurn"":""1"",""isCard"":""true"",""isBasicAttack"":""false"",""aiTag"":""""}"
card_unnamed_card_15	Card 15 - Capstone (Unnamed)	Player-written capstone card defined entirely at Level 20.	capstone_card				"{""apCost"":""3"",""playLimitPerTurn"":""1"",""isCard"":""true"",""isBasicAttack"":""false"",""aiTag"":""""}"
card_unnamed_card_2	Card 2 (Unnamed)	Player-defined card unlocked by personal condition. Mechanics defined at unlock.	unnamed_card				"{""apCost"":""1"",""playLimitPerTurn"":""1"",""isCard"":""true"",""isBasicAttack"":""false"",""aiTag"":""""}"
card_unnamed_card_3	Card 3 (Unnamed)	Player-defined card unlocked by personal condition. Mechanics defined at unlock.	unnamed_card				"{""apCost"":""1"",""playLimitPerTurn"":""1"",""isCard"":""true"",""isBasicAttack"":""false"",""aiTag"":""""}"
card_unnamed_card_4	Card 4 (Unnamed)	Player-defined card unlocked by personal condition. Mechanics defined at unlock.	unnamed_card				"{""apCost"":""2"",""playLimitPerTurn"":""1"",""isCard"":""true"",""isBasicAttack"":""false"",""aiTag"":""""}"
card_unnamed_card_5	Card 5 (Unnamed)	Player-defined card unlocked by personal condition. Mechanics defined at unlock.	unnamed_card				"{""apCost"":""2"",""playLimitPerTurn"":""1"",""isCard"":""true"",""isBasicAttack"":""false"",""aiTag"":""""}"
card_unnamed_card_6	Card 6 (Unnamed)	Player-defined card unlocked by personal condition. Mechanics defined at unlock.	unnamed_card				"{""apCost"":""2"",""playLimitPerTurn"":""1"",""isCard"":""true"",""isBasicAttack"":""false"",""aiTag"":""""}"
card_unnamed_card_7	Card 7 (Unnamed)	Player-defined card unlocked by personal condition. Mechanics defined at unlock.	unnamed_card				"{""apCost"":""2"",""playLimitPerTurn"":""1"",""isCard"":""true"",""isBasicAttack"":""false"",""aiTag"":""""}"
card_unnamed_card_8	Card 8 (Unnamed)	Player-defined card unlocked by personal condition. Mechanics defined at unlock.	unnamed_card				"{""apCost"":""2"",""playLimitPerTurn"":""1"",""isCard"":""true"",""isBasicAttack"":""false"",""aiTag"":""""}"
card_unnamed_card_9	Card 9 (Unnamed)	Player-defined card unlocked by personal condition. Mechanics defined at unlock.	unnamed_card				"{""apCost"":""2"",""playLimitPerTurn"":""1"",""isCard"":""true"",""isBasicAttack"":""false"",""aiTag"":""""}"
card_veilblade_basic_attack	Basic Attack (Veilblade)	Free suppressed strike. Once per turn.	combat_card				"{""apCost"":""0"",""playLimitPerTurn"":""1"",""isCard"":""true"",""isBasicAttack"":""true"",""aiTag"":""""}"
card_veilblade_blacksite	Blacksite	Establish a completely signal-null zone; effective barrier for Wire Craft.	utility_card				"{""apCost"":""3"",""playLimitPerTurn"":""1"",""isCard"":""true"",""isBasicAttack"":""false"",""aiTag"":""""}"
card_veilblade_clean_strike	Clean Strike	Near-perfect elimination strike; minimal trace, maximum effect.	combat_card				"{""apCost"":""2"",""playLimitPerTurn"":""1"",""isCard"":""true"",""isBasicAttack"":""false"",""aiTag"":""""}"
card_veilblade_evasion_protocol	Evasion Protocol	Automated evasion sequence from accumulated signal intelligence.	defense_card				"{""apCost"":""2"",""playLimitPerTurn"":""1"",""isCard"":""true"",""isBasicAttack"":""false"",""aiTag"":""""}"
card_veilblade_ghost_walk	Ghost Walk	Move through network or physical space while maintaining null signature.	mobility_card				"{""apCost"":""1"",""playLimitPerTurn"":""1"",""isCard"":""true"",""isBasicAttack"":""false"",""aiTag"":""""}"
card_veilblade_inevitable	Inevitable	Target acquisition becomes absolute; nothing can prevent this action.	utility_card				"{""apCost"":""3"",""playLimitPerTurn"":""1"",""isCard"":""true"",""isBasicAttack"":""false"",""aiTag"":""""}"
card_veilblade_marked_target	Marked Target	Designate target for enhanced follow-up attacks.	control_card				"{""apCost"":""1"",""playLimitPerTurn"":""1"",""isCard"":""true"",""isBasicAttack"":""false"",""aiTag"":""""}"
card_veilblade_network_weapon	Network Weapon	Use Wire Craft network infrastructure as offensive weapon.	combat_card				"{""apCost"":""3"",""playLimitPerTurn"":""1"",""isCard"":""true"",""isBasicAttack"":""false"",""aiTag"":""""}"
card_veilblade_precision_strike	Precision Strike	Targeted attack through suppressed signature minimizing detection.	combat_card				"{""apCost"":""1"",""playLimitPerTurn"":""1"",""isCard"":""true"",""isBasicAttack"":""false"",""aiTag"":""""}"
card_veilblade_the_unwitnessed	The Unwitnessed	Capstone: act without any record, trace, or witness ever knowing.	capstone_card				"{""apCost"":""3"",""playLimitPerTurn"":""1"",""isCard"":""true"",""isBasicAttack"":""false"",""aiTag"":""""}"
card_veilblade_uncanny_dodge	Uncanny Dodge	Exploit signal intelligence to anticipate and avoid attack.	reaction_card				"{""apCost"":""1"",""playLimitPerTurn"":""1"",""isCard"":""true"",""isBasicAttack"":""false"",""aiTag"":""""}"
card_veilblade_wire_assault	Wire Assault	Attack delivered through or using Wire Craft network.	combat_card				"{""apCost"":""2"",""playLimitPerTurn"":""1"",""isCard"":""true"",""isBasicAttack"":""false"",""aiTag"":""""}"
card_veilblade_wire_entry	Wire Entry	Enter Wire Craft network for movement or information access.	utility_card				"{""apCost"":""1"",""playLimitPerTurn"":""1"",""isCard"":""true"",""isBasicAttack"":""false"",""aiTag"":""""}"
card_voice_of_debt_basic_attack	Basic Attack (Voice of Debt)	Free obligation-weighted strike. Once per turn.	combat_card				"{""apCost"":""0"",""playLimitPerTurn"":""1"",""isCard"":""true"",""isBasicAttack"":""true"",""aiTag"":""""}"
card_voice_of_debt_chain_detonation	Chain Detonation	Primary target: 12 + VEIL plus 5 per stack; remove Debt. Others within 20 feet: 6 + VEIL plus 2 per their own Debt.	power_card				"{""apCost"":""3"",""playLimitPerTurn"":""1"",""isCard"":""true"",""isBasicAttack"":""false"",""aiTag"":""""}"
card_voice_of_debt_compound_interest	Compound Interest	Deal 8 + VEIL damage; apply Debt 3. If target reaches 4+ Debt also apply Expose 2.	control_card				"{""apCost"":""2"",""playLimitPerTurn"":""1"",""isCard"":""true"",""isBasicAttack"":""false"",""aiTag"":""""}"
card_voice_of_debt_first_detonation	First Detonation	Target with Debt stacks: deal 6 + VEIL plus 3 per Debt stack damage; remove all Debt; apply Stagger.	control_card				"{""apCost"":""2"",""playLimitPerTurn"":""1"",""isCard"":""true"",""isBasicAttack"":""false"",""aiTag"":""""}"
card_voice_of_debt_full_detonation	Full Detonation	Target with Debt: deal 10 + VEIL plus 5 per Debt stack; remove all Debt; apply Expose 4 and Vulnerable 3.	power_card				"{""apCost"":""3"",""playLimitPerTurn"":""1"",""isCard"":""true"",""isBasicAttack"":""false"",""aiTag"":""""}"
card_voice_of_debt_ledger_entry	Ledger Entry	Apply Debt 3 to one target within 40 feet; costs 0 AP if you played Social or Signal card this turn.	utility_card				"{""apCost"":""1"",""playLimitPerTurn"":""1"",""isCard"":""true"",""isBasicAttack"":""false"",""aiTag"":""""}"
card_voice_of_debt_oath_breakers_weight	Oath-Breaker's Weight	Deal 4 + VEIL damage to target with 1+ Debt; apply Stagger; apply Debt 2 more.	control_card				"{""apCost"":""1"",""playLimitPerTurn"":""1"",""isCard"":""true"",""isBasicAttack"":""false"",""aiTag"":""""}"
card_voice_of_debt_oath_read	Oath Read	Know obligations within 30 feet; learn HP tier and status of one target; apply Debt 2.	utility_card				"{""apCost"":""1"",""playLimitPerTurn"":""1"",""isCard"":""true"",""isBasicAttack"":""false"",""aiTag"":""""}"
card_voice_of_debt_the_debt_of_all_things	The Debt of All Things	Capstone: apply Debt 5 to all without Debt; then Detonate all: 14 + VEIL plus 6 per stack; Expose 6 + Vulnerable 5.	capstone_card				"{""apCost"":""3"",""playLimitPerTurn"":""1"",""isCard"":""true"",""isBasicAttack"":""false"",""aiTag"":""""}"
card_voice_of_debt_weight_of_obligation	Weight of Obligation	Deal 5 + VEIL damage; apply Debt 2; deal +VEIL bonus if target carries Debt.	control_card				"{""apCost"":""1"",""playLimitPerTurn"":""1"",""isCard"":""true"",""isBasicAttack"":""false"",""aiTag"":""""}"
card_void_walker_basic_attack	Basic Attack (Void Walker)	Free phase-state strike. Once per turn.	combat_card				"{""apCost"":""0"",""playLimitPerTurn"":""1"",""isCard"":""true"",""isBasicAttack"":""true"",""aiTag"":""""}"
card_void_walker_between_the_worlds	Between the Worlds	Capstone: exist permanently between states; neither fully here nor there.	capstone_card				"{""apCost"":""3"",""playLimitPerTurn"":""1"",""isCard"":""true"",""isBasicAttack"":""false"",""aiTag"":""""}"
card_void_walker_phase_cascade	Phase Cascade	Chain phase transitions delivering sequential strikes.	combat_card				"{""apCost"":""3"",""playLimitPerTurn"":""1"",""isCard"":""true"",""isBasicAttack"":""false"",""aiTag"":""""}"
card_void_walker_phase_dodge	Phase Dodge	Phase through incoming attack; negate damage through void transition.	reaction_card				"{""apCost"":""1"",""playLimitPerTurn"":""1"",""isCard"":""true"",""isBasicAttack"":""false"",""aiTag"":""""}"
card_void_walker_phase_step	Phase Step	Step partially into void; ignore terrain and reduce incoming damage.	mobility_card				"{""apCost"":""1"",""playLimitPerTurn"":""1"",""isCard"":""true"",""isBasicAttack"":""false"",""aiTag"":""""}"
card_void_walker_phase_strike	Phase Strike	Attack through void phase; damage cannot be reduced by physical armor.	combat_card				"{""apCost"":""2"",""playLimitPerTurn"":""1"",""isCard"":""true"",""isBasicAttack"":""false"",""aiTag"":""""}"
card_void_walker_sustained_phase	Sustained Phase	Maintain extended partial void state for ongoing defense.	defense_card				"{""apCost"":""2"",""playLimitPerTurn"":""1"",""isCard"":""true"",""isBasicAttack"":""false"",""aiTag"":""""}"
card_void_walker_void_burst	Void Burst	Explosive void detonation hitting all enemies in radius.	combat_card				"{""apCost"":""3"",""playLimitPerTurn"":""1"",""isCard"":""true"",""isBasicAttack"":""false"",""aiTag"":""""}"
card_void_walker_void_pull	Void Pull	Use void transition to displace target's position.	control_card				"{""apCost"":""2"",""playLimitPerTurn"":""1"",""isCard"":""true"",""isBasicAttack"":""false"",""aiTag"":""""}"
card_void_walker_void_sovereign	Void Sovereign	Signature: claim absolute dominion over void transitions in this area.	power_card				"{""apCost"":""3"",""playLimitPerTurn"":""1"",""isCard"":""true"",""isBasicAttack"":""false"",""aiTag"":""""}"
card_void_walker_void_step	Void Step	Full void repositioning; appear from nothing within range.	mobility_card				"{""apCost"":""1"",""playLimitPerTurn"":""1"",""isCard"":""true"",""isBasicAttack"":""false"",""aiTag"":""""}"
card_void_walker_void_strike	Void Strike	Strike from partial void state; bypasses certain defenses.	combat_card				"{""apCost"":""1"",""playLimitPerTurn"":""1"",""isCard"":""true"",""isBasicAttack"":""false"",""aiTag"":""""}"
card_wireborn_infrastructure_broadcast	Infrastructure Broadcast	40-foot radius: enemies with Wire Craft dependency take 4 + SIGNAL damage + Silence 1 turn. Cannot use while under Silence.	control_card				"{""apCost"":""2"",""playLimitPerTurn"":""1"",""isCard"":""true"",""isBasicAttack"":""false"",""aiTag"":""""}"
card_wireborn_signal_hijack	Signal Hijack	Target enemy within 30 feet with active Signal card: negate and immediately play as own card. Once per enemy per combat.	control_card				"{""apCost"":""2"",""playLimitPerTurn"":""1"",""isCard"":""true"",""isBasicAttack"":""false"",""aiTag"":""""}"
card_wireweave_basic_attack	Basic Attack (Wireweave)	Free signal strike. Once per turn.	combat_card				"{""apCost"":""0"",""playLimitPerTurn"":""1"",""isCard"":""true"",""isBasicAttack"":""true"",""aiTag"":""""}"
card_wireweave_cascade_flicker	Cascade Flicker	Signal cascade jumping through connected targets.	combat_card				"{""apCost"":""2"",""playLimitPerTurn"":""1"",""isCard"":""true"",""isBasicAttack"":""false"",""aiTag"":""""}"
card_wireweave_cascade_shutdown	Cascade Shutdown	Chain shutdown disabling multiple connected enhancement systems.	control_card				"{""apCost"":""3"",""playLimitPerTurn"":""1"",""isCard"":""true"",""isBasicAttack"":""false"",""aiTag"":""""}"
card_wireweave_enhancement_disrupt	Enhancement Disrupt	Temporarily disable or degrade target's enhancement functions.	control_card				"{""apCost"":""2"",""playLimitPerTurn"":""1"",""isCard"":""true"",""isBasicAttack"":""false"",""aiTag"":""""}"
card_wireweave_ghost_sovereign	Ghost Sovereign	Capstone: become fully invisible and untraceable within Wire Craft environments; the network sees through your eyes alone.	capstone_card				"{""apCost"":""3"",""playLimitPerTurn"":""1"",""isCard"":""true"",""isBasicAttack"":""false"",""aiTag"":""""}"
card_wireweave_ghost_step	Ghost Step	Phase through Wire Craft infrastructure for repositioning.	mobility_card				"{""apCost"":""1"",""playLimitPerTurn"":""1"",""isCard"":""true"",""isBasicAttack"":""false"",""aiTag"":""""}"
card_wireweave_interference_pulse	Interference Pulse	Disrupt signal-dependent abilities in targeted area.	control_card				"{""apCost"":""1"",""playLimitPerTurn"":""1"",""isCard"":""true"",""isBasicAttack"":""false"",""aiTag"":""""}"
card_wireweave_neural_spike	Neural Spike	Targeted attack through neural-wire connection; bypasses armor.	combat_card				"{""apCost"":""2"",""playLimitPerTurn"":""1"",""isCard"":""true"",""isBasicAttack"":""false"",""aiTag"":""""}"
card_wireweave_signal_dart	Signal Dart	Precise signal bolt leveraging SIGNAL stat.	combat_card				"{""apCost"":""1"",""playLimitPerTurn"":""1"",""isCard"":""true"",""isBasicAttack"":""false"",""aiTag"":""""}"
card_wireweave_signal_skim	Signal Skim	Quick signal-frequency attack skimming enhancement vulnerabilities.	combat_card				"{""apCost"":""1"",""playLimitPerTurn"":""1"",""isCard"":""true"",""isBasicAttack"":""false"",""aiTag"":""""}"
card_wireweave_system_override	System Override	Take full control of target's Wire Craft integrated systems.	control_card				"{""apCost"":""3"",""playLimitPerTurn"":""1"",""isCard"":""true"",""isBasicAttack"":""false"",""aiTag"":""""}"
card_wireweave_the_architect	The Architect	Signature: reshape Wire Craft infrastructure to your design.	power_card				"{""apCost"":""3"",""playLimitPerTurn"":""1"",""isCard"":""true"",""isBasicAttack"":""false"",""aiTag"":""""}"
card_wireweave_the_weave_speaks	The Weave Speaks	Absolute signal authority; the network obeys.	control_card				"{""apCost"":""3"",""playLimitPerTurn"":""1"",""isCard"":""true"",""isBasicAttack"":""false"",""aiTag"":""""}"
card_wireweave_wire_burn	Wire Burn	Overload Wire Craft network for massive channeled damage.	combat_card				"{""apCost"":""3"",""playLimitPerTurn"":""1"",""isCard"":""true"",""isBasicAttack"":""false"",""aiTag"":""""}"
card_wireweave_wire_crash	Wire Crash	Force infrastructure crash; area control through system shutdown.	control_card				"{""apCost"":""2"",""playLimitPerTurn"":""1"",""isCard"":""true"",""isBasicAttack"":""false"",""aiTag"":""""}"
card_wireweave_wire_lock	Wire Lock	Bind target within Wire Craft infrastructure, applying Root or Silence.	control_card				"{""apCost"":""1"",""playLimitPerTurn"":""1"",""isCard"":""true"",""isBasicAttack"":""false"",""aiTag"":""""}"